1.106287,-0.098238
0.802412,0.542032
0.241038,1.016280
-0.303772,1.039385
-0.735800,0.675224
-0.981920,-0.103226
-0.843817,-0.588981
-0.261663,-0.794033
0.373830,-0.950435
0.745746,-0.710499
0.868836,-0.017933
0.811083,0.601860
0.292765,0.947151
-0.319957,0.850057
-0.971313,0.648728
-1.036613,0.132200
-0.736230,-0.625070
-0.324832,-1.010743
0.229599,-0.936398
0.861143,-0.409479
1.093573,0.045181
0.877340,0.482603
0.175757,1.003243
-0.291441,1.032404
-0.663843,0.539828
-0.995299,-0.087895
-0.946192,-0.559943
-0.355103,-0.798780
0.386131,-0.952511
0.820027,-0.684882
0.849519,0.036257
0.798558,0.684161
0.401056,1.031574
-0.281975,0.776763
-0.898284,0.524474
-0.982231,0.086210
-0.741708,-0.532384
-0.315498,-1.055650
0.248216,-1.018794
0.883689,-0.448957
1.037047,-0.056221
0.884713,0.551939
0.276311,0.996288
-0.269951,1.126325
-0.695794,0.650485
-1.015696,-0.045236
-0.836116,-0.552004
-0.211004,-0.866537
0.499099,-0.956112
0.874772,-0.687080
0.917869,0.009892
0.748601,0.660904
0.408794,0.914527
-0.276193,0.922055
-0.973435,0.529237
-0.980244,0.153994
-0.687524,-0.485981
-0.274215,-1.101894
0.149811,-0.881515
0.775932,-0.493486
1.078178,0.073306
0.750527,0.459707
0.295985,1.015842
-0.333813,1.016703
-0.692569,0.522386
-1.012929,-0.011510
-0.829843,-0.629443
-0.242999,-0.914594
0.440685,-0.949307
0.698842,-0.703472
0.902601,0.059554
0.843201,0.644533
0.459215,0.929264
-0.339912,0.890620
-0.817916,0.551827
-1.066022,0.151732
-0.742093,-0.534022
-0.262264,-0.951750
0.211470,-0.846007
0.909137,-0.523925
1.109426,-0.035780
0.777357,0.442121
0.190139,0.950220
-0.363574,1.044769
-0.772901,0.576952
-0.968479,-0.157421
-0.879959,-0.522758
-0.244289,-0.925172
0.371287,-0.977938
0.893472,-0.647768
0.885631,0.031365
0.887737,0.677435
0.387378,0.998648
-0.345791,0.834549
-0.896528,0.686887
-0.948427,0.152420
-0.700967,-0.625221
-0.338293,-1.008157
0.141956,-0.962004
0.738941,-0.468527
1.125134,0.061179
0.858503,0.446520
0.200802,1.021332
-0.362735,1.037725
-0.665365,0.642491
-1.064020,-0.077859
-0.944670,-0.615346
-0.277966,-0.918999
0.296510,-1.012266
0.828335,-0.672921
0.870918,-0.054364
0.814481,0.663058
0.405232,0.938737
-0.298911,0.818999
-0.874308,0.565435
-1.037918,0.130359
-0.637968,-0.531837
-0.272712,-1.027715
0.251204,-0.918794
0.867260,-0.461067
1.139379,-0.021933
0.851221,0.497057
0.212797,0.866532
-0.380356,1.055111
-0.715769,0.566404
-1.038476,-0.038123
-0.980154,-0.680683
-0.296094,-0.904557
0.380590,-0.837094
0.757527,-0.651038
0.847850,0.069140
0.822438,0.648351
0.426951,0.878366
-0.242894,0.875178
-0.909713,0.595798
-0.947908,0.127215
-0.638904,-0.510452
-0.251509,-1.008341
0.090752,-1.028427
0.870451,-0.513294
1.116981,-0.110326
0.830206,0.515136
0.227578,0.927794
-0.289879,0.987517
-0.693046,0.605760
-1.017946,-0.155271
-1.004099,-0.537372
-0.314463,-0.815202
0.368830,-0.839324
0.863025,-0.725421
0.885562,0.047726
0.813191,0.665236
0.366537,0.890863
-0.334548,0.943969
-0.909594,0.534715
-1.074269,0.182532
-0.693983,-0.605555
-0.314321,-1.014831
0.149731,-0.972406
0.689105,-0.526443
1.125653,-0.045016
0.794138,0.466918
0.182517,0.963360
-0.320825,1.121128
-0.618193,0.548103
-1.002490,-0.098576
-0.904686,-0.601254
-0.383371,-0.855272
0.491384,-1.002210
0.854891,-0.756812
0.953347,-0.023443
0.811401,0.686173
0.454850,1.071306
-0.290470,0.925976
-0.878358,0.567535
-1.007610,0.035254
-0.782711,-0.673266
-0.257574,-1.003892
0.112269,-0.890864
0.797020,-0.383946
1.089774,-0.013131
0.756874,0.507256
0.239673,0.933921
-0.319033,1.122296
-0.730860,0.634215
-0.974008,-0.138726
-0.932846,-0.579330
-0.239568,-0.901019
0.426590,-0.945496
0.785300,-0.758560
0.802787,0.009814
0.743629,0.747418
0.463359,1.014256
-0.311547,0.789099
-0.923173,0.590339
-0.917837,0.033240
-0.773149,-0.533196
-0.338300,-1.030700
0.185388,-1.007799
0.838334,-0.533459
1.066823,0.027963
0.778346,0.402852
0.128760,0.954496
-0.272550,1.069151
-0.668710,0.554786
-1.023819,-0.113274
-0.900850,-0.583266
-0.373649,-0.822165
0.385426,-1.013493
0.877915,-0.715876
0.906787,0.040046
0.924535,0.557232
0.369657,1.000078
-0.280003,0.917929
-0.918792,0.682630
-0.971709,-0.017987
-0.709378,-0.610742
-0.337077,-1.083431
0.165636,-0.878493
0.962319,-0.454417
1.096133,0.051220
0.708184,0.524540
0.176587,0.874859
-0.275115,1.072059
-0.734017,0.478894
-0.931978,-0.077905
-0.858897,-0.577724
-0.316634,-0.860077
0.385406,-0.939130
0.758777,-0.652041
0.865002,-0.039081
0.735360,0.705712
0.469237,1.023864
-0.229482,0.870843
-0.971824,0.599320
-1.059084,0.099274
-0.797443,-0.652677
-0.357210,-0.979630
0.053700,-0.971676
0.751903,-0.485773
1.164846,-0.014915
0.791733,0.470005
0.251746,0.921566
-0.333465,1.015843
-0.620984,0.634401
-0.990039,-0.031710
-0.928117,-0.575679
-0.181396,-0.908816
0.392793,-0.954366
0.747956,-0.576758
0.910096,0.015618
0.807075,0.677991
0.462333,0.910100
-0.355099,0.877566
-0.868781,0.575822
-0.957363,0.164204
-0.742401,-0.533449
-0.300855,-1.025349
0.167479,-0.947293
0.926307,-0.460848
1.064793,0.015782
0.786363,0.476097
0.155725,1.017549
-0.326323,1.046421
-0.709311,0.561047
-0.961611,-0.183883
-0.939541,-0.598528
-0.318306,-0.927742
0.338193,-0.912920
0.767647,-0.728089
1.037790,-0.045762
0.861079,0.574566
0.369946,0.964863
-0.375887,0.835911
-0.957796,0.622783
-1.001085,0.053600
-0.707281,-0.536641
-0.346235,-1.014127
0.144688,-0.869077
0.880136,-0.510530
1.122584,0.056460
0.790289,0.446987
0.197984,0.956331
-0.335494,1.039263
-0.855819,0.657269
-0.994217,-0.078161
-0.962544,-0.489764
-0.359151,-0.831050
0.377004,-0.942075
0.845632,-0.691040
0.841473,0.013750
0.737303,0.651992
0.441010,0.897803
-0.271299,0.824545
-0.956964,0.569885
-0.971880,0.074537
-0.723599,-0.478383
-0.293952,-1.059785
0.145969,-0.965557
0.850662,-0.424586
1.160163,0.045367
0.840871,0.451667
0.236934,0.994108
-0.497631,1.102077
-0.695986,0.546542
-1.001272,-0.106548
-0.916369,-0.551780
-0.340546,-0.805431
0.411785,-0.987858
0.829623,-0.627524
0.886811,0.027713
0.785851,0.642429
0.470505,0.939337
-0.364285,0.943154
-0.857509,0.607732
-0.991159,0.005729
-0.749232,-0.649612
-0.323516,-0.975233
0.163017,-0.953509
0.842770,-0.479102
1.117395,-0.058135
0.781177,0.564978
0.153906,0.945499
-0.293931,1.021052
-0.661148,0.581785
-1.005692,0.050686
-0.888099,-0.586157
-0.327818,-0.832217
0.412395,-1.022579
0.794453,-0.719136
0.914702,-0.092964
0.733528,0.735726
0.441227,0.917114
-0.320514,0.828726
-0.891087,0.594150
-1.017016,0.118268
-0.692999,-0.484660
-0.362645,-1.049781
0.268475,-0.898144
0.723840,-0.523382
1.048038,-0.049596
0.820800,0.452198
0.282159,0.948206
-0.295111,1.064040
-0.721412,0.640663
-1.071255,-0.053880
-0.918581,-0.615912
-0.310011,-0.836216
0.493545,-0.896983
0.840123,-0.754551
0.823545,-0.033682
0.910356,0.624252
0.389267,0.981496
-0.352990,0.849916
-0.835276,0.544266
-1.002488,0.125494
-0.727387,-0.605596
-0.298078,-1.001709
0.251261,-0.960825
0.858684,-0.471246
1.031240,-0.069436
0.908941,0.510442
0.256360,0.932126
-0.327977,0.966468
-0.749950,0.497230
-1.048451,-0.148679
-0.902848,-0.548604
-0.341418,-0.956997
0.370773,-0.892263
0.849580,-0.696482
0.918228,0.011701
0.789288,0.725479
0.445729,0.911504
-0.240648,0.849633
-0.963742,0.580521
-1.030165,0.070548
-0.661886,-0.544996
-0.273070,-1.044924
0.220352,-0.913270
0.867138,-0.444799
1.045589,0.020042
0.735060,0.526451
0.165692,0.894865
-0.302890,0.985603
-0.748821,0.660429
-1.024361,-0.118909
-0.957767,-0.555214
-0.340038,-0.796178
0.358778,-0.932675
0.827390,-0.647400
0.939745,-0.060681
0.784995,0.622078
0.398654,0.893180
-0.338069,0.820654
-0.882454,0.457547
-0.995547,0.079829
-0.629309,-0.680383
-0.363791,-1.001227
0.227142,-0.929431
0.831217,-0.463478
1.081978,-0.096852
0.838194,0.468170
0.137091,1.023795
-0.203077,1.015402
-0.776119,0.630673
-0.954010,-0.144370
-0.965073,-0.595451
-0.251473,-0.718708
0.389778,-0.917535
0.816938,-0.622006
0.902667,-0.002433
0.864054,0.611054
0.392940,0.878449
-0.457376,0.892540
-0.947020,0.602807
-0.990814,0.172775
-0.731040,-0.611592
-0.270526,-1.033263
0.259783,-0.985828
0.801628,-0.454543
1.025518,-0.104107
0.878225,0.489662
0.263170,0.906714
-0.323977,1.044582
-0.603603,0.638516
-1.017444,-0.080633
-0.965873,-0.556441
-0.316811,-0.890740
0.462909,-1.084651
0.762144,-0.744080
0.997561,0.013087
0.764191,0.629326
0.456738,0.969608
-0.281794,0.758969
-0.916720,0.579945
-0.945973,0.166608
-0.784007,-0.562650
-0.241138,-1.093533
0.205833,-0.917102
0.781895,-0.494443
1.137459,-0.031203
0.862012,0.544028
0.247507,0.970048
-0.209042,0.953072
-0.654981,0.555734
-0.935825,-0.022862
-0.936010,-0.593548
-0.303691,-0.752062
0.437166,-0.913377
0.808130,-0.640354
0.915082,-0.083265
0.830322,0.663917
0.451229,1.026478
-0.314097,0.919712
-0.926507,0.597596
-1.041416,0.066818
-0.753604,-0.632673
-0.250394,-1.064669
0.204791,-0.956400
0.848364,-0.536819
1.035132,-0.048680
0.712109,0.516123
0.156562,1.014431
-0.251686,1.071794
-0.655613,0.593619
-0.983398,-0.031702
-0.949126,-0.647871
-0.315557,-0.859186
0.394129,-0.970918
0.791768,-0.713971
0.774697,-0.047977
0.766121,0.737800
0.399512,0.980628
-0.233196,0.839467
-0.900980,0.664371
-0.929956,0.025303
-0.728702,-0.597157
-0.321651,-1.097879
0.014046,-0.867211
0.832184,-0.496768
1.127355,0.015585
0.897205,0.470105
0.184679,1.006018
-0.304309,1.078455
-0.744293,0.612100
-1.058813,-0.092143
-0.944672,-0.544823
-0.326267,-0.825385
0.476789,-0.919990
0.809128,-0.759170
0.860473,0.061035
0.816111,0.742348
0.419896,0.985792
-0.342829,0.837021
-0.851855,0.589991
-1.094417,0.046566
-0.719694,-0.611666
-0.275764,-0.950846
0.142095,-0.956700
0.827080,-0.515143
1.164645,0.014920
0.831701,0.482010
0.124509,0.898217
-0.345427,1.075978
-0.647402,0.566555
-0.985083,-0.096752
-0.909510,-0.527932
-0.286957,-0.837233
0.445069,-0.883410
0.773594,-0.660370
0.885480,-0.032871
0.816163,0.650147
0.381819,0.955873
-0.315690,0.799888
-0.844123,0.610833
-1.048391,0.175381
-0.612684,-0.598252
-0.215050,-1.056605
0.123345,-0.855138
0.801966,-0.443139
1.117135,0.028861
0.770973,0.536462
0.171963,0.960056
-0.320888,1.129952
-0.672058,0.635062
-1.025567,-0.217225
-0.817682,-0.549559
-0.294518,-0.830455
0.403888,-1.026434
0.881480,-0.630512
0.931314,-0.002291
0.827481,0.660236
0.392460,0.847789
-0.218318,0.850392
-0.868426,0.588354
-1.010171,0.131389
-0.787877,-0.575243
-0.290369,-1.051962
0.151830,-0.989174
0.723220,-0.503198
1.086042,0.028190
0.823091,0.403753
0.273141,0.925769
-0.294894,1.051018
-0.668716,0.585901
-1.061294,-0.065990
-0.910144,-0.496773
-0.302806,-0.866847
0.452129,-0.962655
0.814820,-0.707289
0.940204,-0.106448
0.783807,0.748190
0.426915,0.967944
-0.288274,0.886486
-0.971506,0.589754
-0.991223,0.142944
-0.725035,-0.599217
-0.404221,-1.015587
0.256937,-0.981663
0.790924,-0.426702
1.057380,-0.057381
0.790151,0.523119
0.215927,0.964567
-0.233622,1.092747
-0.717314,0.575018
-0.976380,-0.134775
-0.840338,-0.614040
-0.282339,-0.864599
0.462445,-0.957684
0.785192,-0.735081
0.938552,-0.014689
0.806118,0.595649
0.462738,0.931903
-0.359195,0.842233
-0.947995,0.685614
-0.936563,0.179379
-0.718821,-0.526327
-0.326965,-1.012663
0.212896,-0.952542
0.774542,-0.572230
1.166597,-0.016614
0.746559,0.467335
0.201487,0.914701
-0.291669,1.096167
-0.714239,0.575309
-1.040114,-0.139119
-0.952436,-0.669689
-0.287747,-0.782034
0.357493,-0.902164
0.841329,-0.689947
0.823793,0.021818
0.781268,0.682824
0.410832,0.988377
-0.371625,0.867944
-0.876416,0.566154
-1.000927,0.069634
-0.760821,-0.650830
-0.384961,-1.067961
0.130738,-0.893444
0.811569,-0.576242
1.042158,0.023286
0.740773,0.510733
0.197456,0.920651
-0.195142,0.972314
-0.695140,0.557572
-0.961854,-0.129955
-0.898381,-0.559444
-0.269868,-0.825974
0.341863,-0.965014
0.787491,-0.658485
0.913068,-0.040902
0.808121,0.689783
0.399417,1.006865
-0.342311,0.835059
-0.921936,0.583993
-1.038710,0.032458
-0.830109,-0.597186
-0.368742,-1.026913
0.232800,-0.974787
0.886871,-0.414802
1.190679,0.032679
0.813855,0.491741
0.253686,0.998531
-0.263618,1.112699
-0.743630,0.650232
-1.084897,-0.149282
-0.907473,-0.622542
-0.397127,-0.849790
0.393021,-0.987627
0.839423,-0.589283
0.828997,-0.093834
0.810632,0.697929
0.471018,0.877604
-0.290941,0.797050
-0.882901,0.652520
-0.954663,0.094211
-0.622369,-0.581718
-0.301446,-1.027373
0.270492,-0.974619
0.805809,-0.458073
1.072692,0.030403
0.824758,0.488290
0.178726,0.933068
-0.337673,1.061799
-0.739404,0.635715
-1.114771,-0.107734
-0.903742,-0.591744
-0.372209,-0.917407
0.403654,-0.907163
0.881515,-0.718989
0.873950,0.046454
0.781917,0.714114
0.477212,1.014743
-0.281702,0.872500
-0.860191,0.543697
-1.017765,0.217460
-0.671613,-0.525475
-0.343325,-1.050009
0.175217,-0.984073
0.838829,-0.540354
1.070081,0.077952
0.847373,0.476585
0.328601,0.968141
-0.393325,1.094096
-0.746627,0.603881
-0.943993,-0.072785
-0.916271,-0.593665
-0.250963,-0.814397
0.358514,-0.899140
0.825584,-0.692097
0.892472,0.017834
0.816036,0.671301
0.425573,0.965124
-0.370017,0.918929
-0.962724,0.607343
-0.930038,0.082465
-0.694356,-0.590213
-0.303700,-1.103947
0.206813,-0.963844
0.826844,-0.423028
1.042203,0.078585
0.759066,0.401429
0.274242,0.987634
-0.301453,1.062301
-0.666502,0.503653
-1.030283,-0.078444
-0.840181,-0.568306
-0.291753,-0.818271
0.433079,-1.013619
0.836453,-0.711592
0.860150,0.021912
0.715731,0.607961
0.355277,1.025772
-0.227491,0.869093
-0.843983,0.564596
-1.017346,0.167481
-0.724101,-0.527207
-0.257187,-1.069737
0.200597,-0.997403
0.744054,-0.448432
1.163277,0.136532
0.832876,0.500504
0.083200,0.933445
-0.324676,0.995728
-0.701833,0.627200
-0.975938,-0.163020
-0.901409,-0.556064
-0.340804,-0.824935
0.403229,-0.938419
0.823757,-0.700404
0.886600,0.104463
0.790422,0.691785
0.471621,1.043277
-0.356347,0.882276
-0.926490,0.656535
-1.101563,0.077396
-0.681968,-0.561627
-0.267604,-1.047891
0.236441,-0.960722
0.854901,-0.547908
1.122035,0.006009
0.826143,0.599464
0.232714,1.042012
-0.322382,1.044765
-0.649601,0.685478
-1.017429,-0.090225
-0.982135,-0.627490
-0.266528,-0.853561
0.501552,-0.925113
0.761009,-0.649273
0.894918,0.010473
0.774745,0.689668
0.389988,0.982690
-0.306712,0.857989
-0.971107,0.537595
-1.013883,0.093885
-0.782315,-0.587082
-0.337428,-1.073108
0.149714,-0.928228
0.756064,-0.480074
1.014004,-0.031693
0.869985,0.552473
0.234470,0.932236
-0.404890,1.063711
-0.738858,0.582340
-1.033522,-0.136688
-0.943564,-0.559758
-0.381361,-0.838665
0.446736,-0.914287
0.789224,-0.591939
0.923407,0.003821
0.835355,0.677878
0.477789,0.807976
-0.399761,0.877954
-0.822087,0.555002
-0.936559,0.062942
-0.680364,-0.616066
-0.189837,-1.028134
0.219266,-0.964483
0.850091,-0.500358
1.063079,-0.015314
0.865735,0.486426
0.217408,0.935184
-0.331577,1.015158
-0.603170,0.534277
-1.015240,-0.052847
-0.908574,-0.563446
-0.318881,-0.852894
0.371233,-0.984077
0.835581,-0.601837
0.936920,-0.020186
0.826736,0.721329
0.290988,0.891009
-0.258617,0.905045
-0.926529,0.622638
-1.060816,0.056116
-0.678853,-0.583626
-0.280875,-1.102379
0.156863,-0.966961
0.932639,-0.551902
1.039519,0.009522
0.722367,0.538500
0.151308,0.918463
-0.237977,1.031595
-0.717810,0.603423
-1.018603,-0.189070
-0.912125,-0.581598
-0.338848,-0.874767
0.374504,-0.949638
0.776956,-0.824440
0.935398,-0.053819
0.860040,0.671022
0.356262,0.988918
-0.297056,0.784620
-0.869607,0.520564
-1.054088,0.083771
-0.734145,-0.614033
-0.360920,-1.039506
0.144466,-0.990055
0.814110,-0.485242
1.063193,-0.051959
0.840573,0.489761
0.207546,0.995340
-0.288386,1.020842
-0.723631,0.562239
-1.031750,-0.030696
-0.913551,-0.631245
-0.309267,-0.905462
0.373724,-1.032704
0.830347,-0.731260
0.937330,-0.007039
0.816921,0.663425
0.494692,1.058558
-0.340634,0.808834
-0.882987,0.539264
-1.020437,0.092592
-0.697286,-0.530866
-0.350514,-1.074869
0.264773,-0.944327
0.817818,-0.479623
1.159612,-0.022840
0.745712,0.484042
0.184341,0.890886
-0.353645,0.923200
-0.735614,0.564282
-1.034630,-0.057407
-0.915044,-0.591834
-0.309879,-0.904605
0.406968,-0.966422
0.781241,-0.624866
0.909371,-0.050562
0.852798,0.689641
0.363903,0.954499
-0.308973,0.894703
-0.912721,0.554561
-0.976582,0.157492
-0.712210,-0.611695
-0.309800,-1.016394
0.159462,-0.899166
0.810102,-0.402678
1.053906,0.087731
0.834802,0.438633
0.203856,1.022871
-0.307024,0.974751
-0.753577,0.561181
-0.959812,-0.086759
-0.874401,-0.653951
-0.265941,-0.847977
0.520386,-0.926488
0.806391,-0.644352
0.960170,-0.008712
0.802826,0.750015
0.428721,0.953490
-0.290750,0.892946
-0.895787,0.638329
-0.967087,0.192511
-0.724214,-0.592858
-0.306970,-1.022834
0.235782,-0.955814
0.896410,-0.496735
1.057882,-0.041930
0.718710,0.537711
0.184813,0.903713
-0.304521,0.990221
-0.700268,0.579614
-0.995389,-0.127461
-0.849877,-0.473510
-0.260215,-0.838019
0.406554,-0.840787
0.785540,-0.758253
0.882700,-0.035805
0.791202,0.755564
0.397737,0.919433
-0.387650,0.817239
-0.932069,0.614334
-1.021244,0.064949
-0.718461,-0.622961
-0.321732,-1.012384
0.242617,-0.965257
0.782420,-0.480859
1.078071,0.057333
0.836114,0.550075
0.197251,0.993981
-0.298194,1.150800
-0.675550,0.569615
-0.978902,-0.146097
-0.896509,-0.496821
-0.318839,-0.832058
0.443112,-0.964254
0.817794,-0.794323
0.874757,0.053111
0.801477,0.730287
0.348111,0.914950
-0.357095,0.870961
-1.003162,0.634212
-1.033997,0.033304
-0.642240,-0.550093
-0.336841,-1.039866
0.248394,-0.996326
0.808845,-0.507752
1.064973,-0.020547
0.875931,0.453115
0.238127,0.933537
-0.396607,0.956565
-0.656947,0.578787
-1.053740,-0.009564
-0.917913,-0.570537
-0.275611,-0.885878
0.394024,-0.927215
0.864964,-0.654944
0.938063,0.024874
0.730173,0.742209
0.385395,0.901224
-0.294913,0.901869
-0.937767,0.528761
-1.010814,0.108220
-0.669028,-0.667569
-0.293178,-1.038332
0.162986,-1.037173
0.817747,-0.478348
1.069387,0.142930
0.748257,0.399188
0.152514,0.956420
-0.294669,1.061268
-0.710423,0.585514
-0.999728,-0.069734
-0.966327,-0.657628
-0.318213,-0.770662
0.357159,-0.925865
0.762697,-0.653235
0.891744,-0.003732
0.739847,0.729327
0.442480,0.882934
-0.184673,0.896792
-0.886076,0.557589
-1.052145,0.117886
-0.722576,-0.551726
-0.386789,-1.015001
0.190136,-0.907234
0.834383,-0.465879
1.129469,-0.066526
0.757430,0.541689
0.223974,0.967211
-0.251197,1.065634
-0.621262,0.518639
-1.035040,-0.101535
-0.952227,-0.563241
-0.306296,-0.829073
0.262612,-0.942058
0.782465,-0.631526
0.886451,-0.052454
0.786050,0.622953
0.329823,0.855192
-0.321295,0.863726
-0.947847,0.614283
-0.962126,0.109915
-0.754941,-0.580710
-0.323134,-1.153144
0.197370,-0.927204
0.837396,-0.503347
0.972705,0.087004
0.791986,0.425567
0.246998,0.895958
-0.327101,1.068644
-0.785364,0.494939
-0.983670,-0.139573
-0.892183,-0.517562
-0.322541,-0.829038
0.351027,-0.971253
0.771983,-0.598532
0.884312,0.020594
0.765240,0.701376
0.313008,0.924142
-0.347481,0.916131
-0.912104,0.504280
-1.025353,0.162882
-0.712796,-0.539861
-0.304834,-1.048946
0.253846,-0.849775
0.919208,-0.473929
1.136589,0.017487
0.738801,0.445248
0.076170,0.927729
-0.313740,1.081875
-0.705448,0.618107
-1.058094,-0.083665
-0.895415,-0.572856
-0.347364,-0.786901
0.429150,-0.962588
0.792741,-0.668822
0.919873,-0.076700
0.721857,0.730380
0.387094,0.937571
-0.316447,0.931830
-0.980261,0.618570
-0.905883,0.123334
-0.736056,-0.677738
-0.239518,-1.125940
0.175800,-0.956529
0.797518,-0.520516
1.159195,-0.026578
0.824208,0.469372
0.218620,0.908355
-0.295720,1.094563
-0.777325,0.608599
-1.019478,-0.020997
-0.956839,-0.638247
-0.299146,-0.745147
0.381817,-0.978676
0.806814,-0.678068
0.896135,0.097579
0.807198,0.742221
0.407280,0.873924
-0.341636,0.893987
-0.961717,0.664600
-1.033218,0.122128
-0.655440,-0.554603
-0.290309,-1.099156
0.238365,-0.952678
0.878015,-0.512381
1.041028,-0.066863
0.834515,0.447517
0.155263,0.928836
-0.325734,1.009054
-0.684805,0.549412
-0.919283,-0.134812
-0.948125,-0.518492
-0.313757,-0.778308
0.466829,-0.830291
0.734527,-0.726101
0.918106,0.017784
0.793603,0.693816
0.364932,0.923092
-0.301685,0.811385
-0.879271,0.633514
-1.045605,0.148318
-0.690018,-0.485308
-0.300348,-1.107171
0.146926,-0.879935
0.886688,-0.513716
1.154495,-0.051955
0.766021,0.532430
0.179685,0.948131
-0.270478,1.132515
-0.733789,0.497373
-1.091986,-0.042212
-0.856573,-0.635902
-0.308578,-0.887676
0.504368,-1.054076
0.826890,-0.657645
0.909550,-0.019938
0.952742,0.750300
0.400424,0.964880
-0.356608,0.802307
-0.897557,0.535935
-0.943212,0.043919
-0.767273,-0.654084
-0.354430,-1.026041
0.231506,-1.006139
0.649150,-0.518316
1.045366,0.000154
0.848791,0.474015
0.179680,0.954601
-0.390341,1.086110
-0.612739,0.612102
-1.070527,-0.155228
-0.935185,-0.588482
-0.327654,-0.925374
0.413174,-0.966063
0.790542,-0.666220
0.895952,-0.017636
0.811892,0.709649
0.404683,1.020930
-0.304353,0.921231
-1.027963,0.477929
-0.977947,0.065740
-0.779240,-0.594199
-0.417349,-0.997963
0.278084,-0.970525
0.744741,-0.401125
1.108993,0.030593
0.770389,0.443439
0.175094,0.907245
-0.284834,1.012365
-0.761428,0.505148
-0.981366,-0.113864
-0.889982,-0.517895
-0.250795,-0.829999
0.392206,-0.890545
0.861346,-0.718324
0.986035,-0.041355
0.888351,0.666967
0.438321,0.905754
-0.286559,0.949284
-0.766544,0.573608
-0.888391,0.150828
-0.747348,-0.571675
-0.262837,-1.079164
0.239115,-0.900237
0.812630,-0.459101
1.107666,0.018996
0.833406,0.487016
0.255885,0.964849
-0.298079,1.079273
-0.692027,0.674461
-0.930393,-0.113804
-0.893131,-0.610290
-0.281766,-0.908306
0.458528,-0.956972
0.890680,-0.669908
0.961352,0.090103
0.827878,0.633075
0.419408,0.847015
-0.370197,0.824005
-0.894414,0.574441
-1.051858,0.063801
-0.760219,-0.473891
-0.276492,-1.194382
0.203988,-1.007183
0.832627,-0.514746
1.068652,0.022421
0.869077,0.526982
0.216206,0.953580
-0.249631,1.080416
-0.675345,0.571510
-0.991738,-0.184160
-0.932943,-0.587606
-0.307442,-0.906156
0.450418,-1.065375
0.843900,-0.730894
0.840221,-0.020813
0.860301,0.686403
0.398322,0.951185
-0.268254,0.856617
-0.943891,0.666268
-0.968107,0.113707
-0.748847,-0.574754
-0.302549,-0.978721
0.194116,-0.893066
0.794738,-0.529466
1.071671,0.019686
0.801338,0.448192
0.121985,0.953269
-0.265187,1.127400
-0.660933,0.594154
-1.022139,-0.117579
-0.978005,-0.654022
-0.341352,-0.831533
0.456398,-0.955562
0.840293,-0.646264
0.884982,0.036964
0.853881,0.726486
0.356943,1.009976
-0.339649,0.843920
-0.885287,0.656397
-1.004796,0.016862
-0.738478,-0.530041
-0.434623,-1.104748
0.242578,-1.039307
0.825203,-0.498834
1.012854,-0.014313
0.839033,0.533384
0.208299,0.912302
-0.295075,0.990785
-0.661757,0.594233
-1.036994,-0.075974
-0.873339,-0.629549
-0.274824,-0.844780
0.447093,-1.010848
0.890815,-0.681470
0.932937,-0.001534
0.780939,0.563004
0.498936,0.974831
-0.364383,0.841517
-0.932153,0.538573
-1.048223,0.193965
-0.714155,-0.564377
-0.254906,-1.073324
0.273906,-0.981840
0.832193,-0.474782
1.069530,0.042905
0.781336,0.494179
0.178857,0.979224
-0.261375,1.003472
-0.754344,0.577069
-0.956774,-0.048355
-0.910647,-0.581939
-0.300414,-0.820801
0.484603,-0.965257
0.785250,-0.622634
0.983086,-0.032646
0.738544,0.647575
0.367779,0.885199
-0.387937,0.865904
-0.946356,0.581004
-0.970856,0.142085
-0.672131,-0.611469
-0.293678,-1.129884
0.222372,-0.948935
0.750351,-0.532547
1.033658,-0.032721
0.824211,0.540586
0.276407,0.973675
-0.327224,1.027993
-0.772445,0.585833
-1.076664,-0.159769
-0.943050,-0.656303
-0.230040,-0.823543
0.398630,-0.893584
0.757120,-0.667862
0.869526,-0.052597
0.784840,0.681410
0.422298,0.946207
-0.342018,0.847948
-0.953514,0.521113
-1.009401,0.123148
-0.685583,-0.597756
-0.273165,-1.107255
0.236544,-1.043689
0.786142,-0.548788
1.015246,-0.039288
0.769091,0.499089
0.223221,0.989602
-0.375699,0.972976
-0.696386,0.621074
-1.029499,-0.060357
-0.938125,-0.625788
-0.253042,-0.889550
0.419954,-0.858024
0.877530,-0.699886
0.853037,0.029789
0.865554,0.670077
0.454471,0.936235
-0.458767,0.776843
-0.913431,0.576493
-0.922889,0.040875
-0.670114,-0.635876
-0.331083,-1.026827
0.197377,-0.978772
0.743865,-0.379967
1.110315,-0.013229
0.719358,0.528206
0.158252,0.969461
-0.253059,0.977847
-0.710045,0.475330
-1.018171,-0.184127
-0.914313,-0.597893
-0.171922,-0.797414
0.460776,-0.983558
0.770235,-0.680170
0.983337,0.008256
0.804577,0.820051
0.446003,0.923441
-0.338349,0.824850
-0.955910,0.584730
-0.959904,0.106411
-0.747461,-0.703321
-0.348083,-1.052224
0.253909,-0.981388
0.750914,-0.495505
1.029037,-0.049312
0.836270,0.527934
0.111023,1.003962
-0.346603,1.078414
-0.727299,0.631414
-1.067265,-0.144559
-0.964887,-0.631367
-0.275723,-0.881901
0.423640,-0.916030
0.761731,-0.640720
0.926474,0.045225
0.884981,0.696148
0.344896,0.965227
-0.305954,0.892297
-0.810184,0.553008
-0.969442,0.082055
-0.668348,-0.568056
-0.319025,-0.972646
0.169119,-0.919737
0.866186,-0.489394
1.132686,-0.024843
0.806441,0.494896
0.185750,0.814359
-0.396403,1.086838
-0.701222,0.612112
-1.034586,-0.142639
-0.915610,-0.570947
-0.275468,-0.847957
0.450017,-1.002597
0.844967,-0.619266
1.012753,0.008719
0.867273,0.635695
0.371713,1.059576
-0.349932,0.848796
-0.792609,0.554178
-1.033166,0.137379
-0.711224,-0.543222
-0.221774,-1.035327
0.294783,-1.096413
0.806285,-0.490526
1.112097,-0.003705
0.727262,0.482450
0.163600,0.982207
-0.327280,1.063529
-0.709300,0.575669
-1.016166,-0.173119
-0.901402,-0.553970
-0.199382,-0.863572
0.432234,-0.942997
0.824452,-0.629780
0.900091,0.042525
0.800422,0.697312
0.470664,0.906232
-0.358580,0.808622
-0.915296,0.522821
-1.054789,0.072257
-0.704661,-0.498881
-0.303064,-1.055844
0.255042,-0.952620
0.868900,-0.484371
1.133153,0.028831
0.890130,0.547314
0.288442,0.940607
-0.293249,1.091349
-0.690350,0.742991
-1.096814,-0.225754
-0.893005,-0.603046
-0.309272,-0.854695
0.324592,-0.949343
0.787448,-0.677969
0.947871,-0.032837
0.747078,0.845037
0.473665,0.935951
-0.285277,0.862318
-0.920436,0.576712
-1.007116,0.126683
-0.667521,-0.561234
-0.380587,-1.035569
0.311055,-0.880323
0.768346,-0.494786
1.061736,0.050495
0.870055,0.414171
0.248520,1.002016
-0.242747,1.078075
-0.656718,0.616646
-0.981180,-0.092978
-0.972836,-0.604107
-0.332659,-0.968278
0.418939,-0.979385
0.808158,-0.700350
0.797361,-0.038411
0.861237,0.708589
0.495574,0.932514
-0.235812,0.877977
-0.959910,0.558206
-0.978202,0.122987
-0.815342,-0.583492
-0.224516,-1.059047
0.112023,-1.007099
0.829542,-0.422756
1.158129,-0.018695
0.873583,0.426277
0.226216,1.017969
-0.380299,1.008773
-0.714076,0.543272
-1.013416,-0.091923
-0.890599,-0.659418
-0.259630,-0.884261
0.442119,-1.041081
0.915098,-0.782740
0.933053,-0.000618
0.789576,0.677258
0.490516,1.013762
-0.324743,0.941275
-0.894924,0.601452
-0.990961,0.120586
-0.823679,-0.647201
-0.295176,-1.073790
0.223489,-0.946133
0.798532,-0.438662
1.092936,0.030535
0.744797,0.479340
0.213140,0.941703
-0.233871,1.010096
-0.717880,0.517224
-1.026106,-0.145348
-0.939403,-0.591076
-0.208163,-0.839981
0.341255,-0.962029
0.851264,-0.673339
0.905571,0.090401
0.905062,0.698569
0.474580,0.935726
-0.313433,0.845492
-0.986090,0.487009
-0.928518,0.127840
-0.636115,-0.576311
-0.364262,-1.038850
0.246279,-0.995547
0.768979,-0.528178
1.061190,-0.070550
0.728551,0.489880
0.255662,1.093159
-0.295461,1.073339
-0.684292,0.689848
-0.927376,-0.140224
-0.875586,-0.580284
-0.279789,-0.799824
0.446481,-0.890704
0.755788,-0.775962
0.898277,-0.024094
0.748704,0.736759
0.364021,1.033346
-0.313608,0.816609
-0.855923,0.547574
-0.897089,0.028225
-0.763277,-0.595854
-0.300350,-1.088399
0.205471,-0.865973
0.835379,-0.417346
1.129120,0.009464
0.827138,0.554933
0.160658,0.988553
-0.289283,1.053642
-0.664401,0.624247
-1.025670,-0.063051
-0.810109,-0.586535
-0.320763,-0.882476
0.377324,-0.962208
0.823836,-0.677081
0.887121,0.067197
0.740658,0.656393
0.407709,0.943125
-0.229232,0.910899
-0.808890,0.562738
-1.028352,0.147252
-0.663753,-0.639199
-0.302391,-1.068388
0.223211,-0.963102
0.872386,-0.415734
1.142604,0.004453
0.816733,0.425183
0.162580,0.888426
-0.365216,1.149439
-0.712218,0.614767
-0.983819,-0.122672
-0.883858,-0.545804
-0.269919,-0.884975
0.457996,-0.931934
0.688863,-0.719453
0.945172,0.006474
0.756645,0.628461
0.464720,0.970367
-0.292185,0.903634
-0.877489,0.578735
-1.027046,0.129527
-0.694884,-0.625810
-0.402378,-1.063913
0.263779,-0.941144
0.792475,-0.446042
0.970546,0.003433
0.862091,0.462915
0.292856,0.893705
-0.352823,1.044172
-0.648382,0.529763
-1.037488,-0.059832
-1.022343,-0.677014
-0.326912,-0.839552
0.425324,-0.963461
0.815695,-0.702323
0.905180,-0.001411
0.823838,0.719544
0.419845,0.966538
-0.319819,0.783917
-0.939086,0.640423
-1.013290,0.048695
-0.726601,-0.599587
-0.324163,-1.022194
0.153869,-0.957111
0.781887,-0.533558
1.104111,-0.037012
0.824488,0.463691
0.205816,1.023935
-0.318200,0.984171
-0.682295,0.640243
-0.959277,-0.166623
-0.875013,-0.614213
-0.396512,-0.826622
0.386247,-0.990321
0.844300,-0.692584
0.925770,-0.015026
0.843008,0.639867
0.424735,1.033232
-0.351694,0.842349
-0.847889,0.664700
-1.067979,-0.006153
-0.659729,-0.533685
-0.309836,-1.051996
0.135384,-0.957632
0.789209,-0.431981
1.160188,0.045516
0.779597,0.550011
0.148487,0.992381
-0.323457,1.038519
-0.749921,0.565463
-1.062530,-0.125908
-0.887140,-0.646021
-0.269108,-0.800570
0.381430,-0.911044
0.835198,-0.671448
0.880649,-0.020384
0.804031,0.648174
0.415187,0.930697
-0.234353,0.839914
-0.883639,0.613505
-1.049956,0.132187
-0.683226,-0.666323
-0.320076,-1.046762
0.185699,-0.943351
0.767029,-0.472508
1.098687,-0.052775
0.806010,0.499790
0.188908,0.934772
-0.378574,1.076461
-0.794376,0.605746
-0.993601,-0.065371
-0.900107,-0.513528
-0.199861,-0.827068
0.400084,-0.922334
0.860088,-0.640913
0.959760,-0.041363
0.805964,0.662619
0.412857,0.949599
-0.330509,0.834908
-0.820259,0.668278
-1.075422,0.102476
-0.710999,-0.648882
-0.239811,-1.133754
0.203633,-0.818100
0.780470,-0.488357
1.111644,0.050104
0.835366,0.521098
0.237389,1.039736
-0.294935,1.048318
-0.671512,0.468860
-0.952715,-0.162683
-0.964361,-0.598274
-0.327962,-0.880155
0.452502,-0.920075
0.833448,-0.711781
0.911730,0.094311
0.842641,0.656461
0.456625,0.971449
-0.351919,0.775646
-0.970364,0.637879
-1.057684,0.020755
-0.616083,-0.582376
-0.361739,-1.059379
0.197288,-1.015373
0.799743,-0.531596
1.151553,0.020780
0.722101,0.454187
0.207054,0.979558
-0.248298,1.027125
-0.653272,0.601726
-0.979534,-0.130880
-0.922064,-0.548048
-0.221133,-0.872839
0.325420,-1.011964
0.858066,-0.673627
0.925409,0.050224
0.838569,0.653987
0.422307,0.945740
-0.298758,0.833068
-0.862478,0.636105
-1.057652,0.066526
-0.771345,-0.629020
-0.300894,-1.086323
0.211625,-0.910755
0.817200,-0.497014
1.179522,0.043794
0.780052,0.476977
0.246583,0.951653
-0.289795,1.005778
-0.590689,0.581799
-1.070109,-0.177524
-0.936317,-0.581607
-0.331856,-0.901617
0.475047,-0.949443
0.768021,-0.680909
0.982897,0.028051
0.888922,0.682928
0.452298,0.928151
-0.287148,0.961943
-0.986826,0.653796
-0.990893,0.119127
-0.780551,-0.638909
-0.327148,-1.026666
0.219172,-0.996120
0.793573,-0.441345
1.147540,-0.014693
0.802558,0.481368
0.131588,1.037434
-0.362020,1.115727
-0.772712,0.611720
-1.015822,-0.111808
-0.846638,-0.647537
-0.283730,-0.802957
0.425992,-0.953384
0.744748,-0.690027
1.018458,-0.102112
0.807604,0.632962
0.529863,0.851288
-0.352388,0.854421
-0.937409,0.581849
-0.870017,0.008495
-0.762767,-0.590734
-0.288082,-1.095825
0.192107,-1.073047
0.768346,-0.461881
1.208054,0.095408
0.758810,0.455263
0.253889,0.982220
-0.253801,1.049379
-0.759607,0.567344
-1.094861,0.006604
-0.998049,-0.646750
-0.348996,-0.817916
0.420150,-1.015983
0.825789,-0.742917
0.890548,0.035792
0.803752,0.638036
0.457719,0.950208
-0.270609,0.823920
-0.890079,0.598666
-1.030848,0.063736
-0.670138,-0.563723
-0.299957,-1.097392
0.171625,-0.952777
0.780172,-0.505616
1.161432,-0.056652
0.901286,0.419149
0.182531,0.919802
-0.412920,0.932221
-0.679644,0.703297
-1.045163,-0.054304
-0.872392,-0.566419
-0.327815,-0.765546
0.520497,-1.061857
0.814629,-0.652748
0.945143,-0.078849
0.748264,0.704390
0.268052,0.947913
-0.302250,0.769639
-0.895919,0.620965
-0.963985,0.156554
-0.736708,-0.574209
-0.373609,-1.042156
0.128992,-0.942854
0.836674,-0.554563
1.135515,-0.002800
0.765229,0.523208
0.182615,0.966141
-0.345426,1.129085
-0.803777,0.597492
-0.990044,-0.145287
-0.866716,-0.567163
-0.320184,-0.818469
0.337893,-0.974511
0.799101,-0.657748
0.968221,0.040945
0.915512,0.658510
0.422472,0.991394
-0.348464,0.901795
-1.008296,0.528461
-1.077297,0.098607
-0.713461,-0.549077
-0.297729,-1.046066
0.221849,-0.911826
0.795868,-0.510231
1.022839,-0.062356
0.730194,0.494160
0.216383,0.852454
-0.350245,1.064809
-0.643775,0.662470
-1.072946,-0.080619
-0.824662,-0.608479
-0.342342,-0.881752
0.420176,-0.952824
0.820175,-0.584466
0.882800,0.039435
0.708343,0.682138
0.384897,0.933188
-0.232894,0.861245
-0.973057,0.680400
-1.092105,0.049467
-0.719961,-0.622357
-0.329636,-1.077654
0.144375,-0.954188
0.771388,-0.471250
1.075946,0.097272
0.788373,0.522537
0.217156,0.868839
-0.273684,0.981842
-0.689663,0.575557
-0.982913,-0.097361
-0.825010,-0.568610
-0.254252,-0.884267
0.263375,-0.963783
0.790859,-0.745589
0.821172,-0.050980
0.774560,0.684080
0.447571,1.000571
-0.319076,0.786442
-0.930436,0.641499
-0.934151,0.087055
-0.784206,-0.631291
-0.313708,-1.015023
0.236455,-0.965643
0.810224,-0.478626
1.041836,-0.009576
0.807889,0.478972
0.249393,0.941611
-0.291154,1.077448
-0.693132,0.546378
-0.984628,-0.036197
-0.902257,-0.542835
-0.371080,-0.815253
0.393562,-0.931101
0.830559,-0.676731
0.744275,0.062412
0.846876,0.730864
0.425888,0.964246
-0.363226,0.870907
-0.946334,0.667032
-1.010192,0.181853
-0.688345,-0.514847
-0.327718,-1.059186
0.267367,-0.877219
0.829673,-0.499626
1.060671,0.044935
0.785458,0.518442
0.220396,0.949391
-0.272598,1.085368
-0.675016,0.628021
-1.004880,-0.111999
-0.901542,-0.580297
-0.310272,-0.897940
0.450116,-0.823712
0.759705,-0.726009
0.930142,0.023761
0.716397,0.694333
0.431569,1.003073
-0.296206,0.826387
-0.909036,0.638097
-1.106630,0.169213
-0.630681,-0.570555
-0.264096,-1.067263
0.210289,-0.919769
0.831952,-0.545287
1.053031,0.008290
0.834631,0.553684
0.287021,0.961743
-0.367921,0.939208
-0.574379,0.551894
-1.021846,-0.102021
-0.867647,-0.608261
-0.350323,-0.946244
0.428537,-1.012750
0.745320,-0.648115
0.867050,0.002436
0.797588,0.556051
0.376226,1.000298
-0.321088,0.839483
-0.860219,0.582132
-1.063854,0.035005
-0.768805,-0.564403
-0.306664,-1.087234
0.180808,-0.967480
0.758830,-0.545518
1.106602,-0.108923
0.780799,0.553398
0.225824,0.896351
-0.311005,1.011629
-0.719078,0.584470
-1.003412,-0.064773
-0.857855,-0.616920
-0.243312,-0.826500
0.401037,-0.859875
0.757519,-0.667763
0.824435,-0.032830
0.697338,0.745339
0.350219,0.907384
-0.351633,0.829562
-0.911644,0.615333
-1.094027,0.121372
-0.637532,-0.665685
-0.255839,-0.948858
0.271276,-0.920271
0.783372,-0.421767
1.112200,0.000352
0.761649,0.562262
0.286507,0.922141
-0.369668,1.048253
-0.734698,0.585877
-0.928829,-0.062136
-0.784526,-0.656254
-0.313603,-0.807445
0.388305,-0.968416
0.683660,-0.716708
0.985523,0.014485
0.824426,0.589779
0.314820,0.980916
-0.265449,0.809112
-0.878323,0.608340
-1.017720,0.125895
-0.736909,-0.430874
-0.272511,-1.184262
0.220714,-0.996407
0.833359,-0.390181
1.161325,-0.048882
0.868676,0.477956
0.247043,0.937942
-0.279753,1.019464
-0.772926,0.685882
-1.055773,-0.100015
-0.868091,-0.609675
-0.276657,-0.782282
0.434926,-0.975100
0.851034,-0.693809
0.872300,-0.009676
0.837263,0.779495
0.359573,0.928889
-0.305898,0.784649
-0.862551,0.620613
-1.033843,0.049495
-0.611372,-0.622276
-0.252313,-1.036228
0.277622,-0.968270
0.798459,-0.550401
1.030553,-0.001271
0.774088,0.430911
0.236600,0.957572
-0.322967,0.992312
-0.672949,0.569300
-0.992477,-0.010653
-0.938505,-0.630980
-0.262306,-0.850119
0.476604,-0.898261
0.772410,-0.632577
0.925595,0.032619
0.816847,0.685660
0.423061,1.009556
-0.314222,0.830840
-0.971651,0.690750
-0.929524,0.110528
-0.761197,-0.666061
-0.352548,-0.927836
0.241831,-0.973983
0.818011,-0.465606
1.060198,0.046181
0.776140,0.539574
0.201082,0.914088
-0.330821,1.024595
-0.676691,0.592087
-1.058211,0.049169
-0.890851,-0.564254
-0.232490,-0.853104
0.419085,-0.938764
0.764602,-0.639903
0.863848,0.089334
0.811200,0.681774
0.377806,0.920306
-0.247287,0.821385
-1.001036,0.558617
-0.918052,0.144536
-0.810266,-0.562898
-0.311067,-1.015405
0.154868,-0.863462
0.850026,-0.498945
1.061298,0.054942
0.752364,0.510982
0.192016,0.928466
-0.329567,1.026777
-0.805769,0.572008
-0.977274,-0.095187
-1.028648,-0.540313
-0.250200,-0.799595
0.392514,-0.935113
0.856667,-0.634898
0.869972,0.013419
0.769362,0.705313
0.441604,0.944909
-0.338224,0.951183
-0.986397,0.669481
-1.004354,0.075435
-0.777870,-0.544238
-0.309662,-1.039044
0.277964,-0.962397
0.857150,-0.450777
1.100093,0.009027
0.800731,0.495778
0.193178,0.939740
-0.340894,1.046379
-0.691263,0.520192
-1.007894,-0.133129
-0.928102,-0.591875
-0.295515,-0.807085
0.308098,-0.870852
0.906841,-0.669801
0.931507,-0.059308
0.739329,0.651285
0.414769,0.972487
-0.365471,0.826362
-0.935980,0.532776
-1.044755,0.084624
-0.654424,-0.588515
-0.405054,-1.030525
0.191297,-0.997312
0.726564,-0.494855
1.098978,0.031738
0.793132,0.522294
0.138681,1.007840
-0.237030,1.077390
-0.630845,0.593395
-1.028209,0.007096
-0.882921,-0.590179
-0.316457,-0.768729
0.421189,-0.977070
0.885624,-0.629835
0.886568,-0.072555
0.898625,0.725403
0.394607,0.918568
-0.313695,0.835261
-0.814551,0.574820
-0.986239,0.069670
-0.810614,-0.725809
-0.297777,-0.953056
0.144924,-0.970277
0.725887,-0.556887
1.052868,0.060561
0.825321,0.571089
0.153349,0.947737
-0.379080,1.040617
-0.728005,0.526392
-0.979769,-0.080205
-0.943836,-0.638212
-0.374339,-0.755108
0.300382,-0.959136
0.770207,-0.661114
0.942215,-0.043751
0.859122,0.658308
0.448508,0.970290
-0.317782,0.797135
-0.902549,0.630148
-0.936615,0.059774
-0.752451,-0.572384
-0.290813,-1.096908
0.115472,-0.905727
0.843132,-0.560138
1.077448,-0.003550
0.751235,0.482047
0.247659,0.855762
-0.364579,1.011357
-0.752381,0.594013
-0.923159,-0.154751
-0.961318,-0.602053
-0.341817,-0.987071
0.374854,-0.948034
0.848257,-0.735510
0.808204,-0.058976
0.871537,0.647761
0.396849,0.930750
-0.324860,0.823067
-0.953851,0.603232
-1.007273,0.144338
-0.635497,-0.565715
-0.298374,-1.063180
0.162390,-0.890200
0.791649,-0.535465
1.126723,-0.021559
0.813283,0.338229
0.196151,0.949837
-0.278788,1.025121
-0.690963,0.644415
-1.053886,-0.124002
-1.004763,-0.618444
-0.283993,-0.736337
0.501889,-0.930154
0.767980,-0.727222
0.892949,-0.078795
0.876721,0.620621
0.495999,1.007059
-0.305755,0.851640
-0.846531,0.613567
-0.962468,0.116381
-0.736808,-0.621332
-0.409958,-1.080541
0.163546,-0.912139
0.827478,-0.501931
1.120963,-0.017983
0.783905,0.473518
0.166132,0.954339
-0.389032,1.117824
-0.793034,0.606159
-1.006106,-0.054749
-0.987754,-0.640570
-0.309772,-0.900128
0.369118,-0.888733
0.787709,-0.665034
1.006268,0.015086
0.811430,0.677815
0.391839,1.029498
-0.317684,0.869463
-0.982700,0.568310
-0.933043,0.080225
-0.666626,-0.601729
-0.335617,-1.006717
0.220481,-0.918965
0.775438,-0.459983
1.119814,0.095431
0.741868,0.511091
0.222391,0.955618
-0.233954,1.086208
-0.686703,0.618229
-1.029504,-0.182792
-0.861528,-0.638612
-0.211490,-0.812395
0.445564,-0.907321
0.813879,-0.699951
0.859889,-0.021813
0.830799,0.622440
0.505130,0.958644
-0.409861,0.867642
-0.860153,0.621408
-0.992610,0.080488
-0.633349,-0.616100
-0.315414,-1.001474
0.100831,-0.956641
0.908589,-0.482056
1.042031,-0.081244
0.849033,0.464038
0.202638,1.016810
-0.310996,1.117959
-0.702136,0.575225
-1.027293,-0.076304
-0.899688,-0.584310
-0.293633,-0.747009
0.449097,-1.078720
0.815268,-0.691564
0.915935,-0.163610
0.875426,0.725207
0.363916,1.029679
-0.305510,0.845689
-0.885101,0.595443
-0.948228,0.125624
-0.712196,-0.527772
-0.304050,-1.157633
0.191770,-0.968336
0.871030,-0.472000
1.083941,-0.019166
0.843282,0.454795
0.203923,0.906100
-0.307475,1.036599
-0.770170,0.599678
-0.997164,-0.041857
-0.910499,-0.582743
-0.383197,-0.896455
0.371995,-0.944601
0.786324,-0.634695
0.823565,-0.027064
0.748159,0.683536
0.482495,0.989783
-0.360516,0.820270
-0.951851,0.580327
-1.069788,0.101293
-0.647648,-0.562294
-0.263107,-1.148595
0.224928,-0.938823
0.813229,-0.508618
1.075406,-0.004405
0.794797,0.537721
0.175309,0.978491
-0.276104,1.163357
-0.674407,0.613376
-0.954369,-0.197707
-0.806572,-0.618177
-0.273659,-0.832100
0.440743,-0.946163
0.859202,-0.624825
0.822900,-0.092372
0.809254,0.709175
0.333392,0.957519
-0.230154,0.861792
-0.933667,0.578239
-0.911344,0.087026
-0.655941,-0.659538
-0.336629,-0.960815
0.126029,-0.999595
0.752816,-0.437905
1.151936,-0.010668
0.792952,0.479511
0.134953,1.044662
-0.320253,1.041289
-0.624382,0.645130
-0.919538,-0.105775
-0.932671,-0.558443
-0.293611,-0.870682
0.439654,-1.001990
0.735059,-0.723686
0.873354,0.040161
0.788746,0.710797
0.429220,0.968388
-0.334532,0.841175
-0.978886,0.599124
-0.983790,0.144742
-0.741117,-0.578318
-0.370412,-1.040613
0.147747,-1.020947
0.797868,-0.518688
1.172553,-0.034147
0.800290,0.443924
0.262673,0.963577
-0.421324,1.141600
-0.750950,0.655195
-1.062899,-0.072816
-0.922745,-0.636751
-0.270507,-0.820770
0.381694,-0.869127
0.746792,-0.741955
0.947387,-0.039706
0.770910,0.556760
0.422645,0.873992
-0.342267,0.948327
-0.883161,0.685350
-1.019177,0.140284
-0.669259,-0.567185
-0.277967,-1.078430
0.320080,-0.908528
0.805008,-0.496823
1.051233,0.099753
0.750961,0.537355
0.179151,1.003566
-0.290251,1.060008
-0.744708,0.556995
-0.924052,-0.039323
-0.899001,-0.607273
-0.357868,-0.916789
0.385869,-0.888572
0.777098,-0.645973
0.908913,0.000577
0.757748,0.712527
0.473115,1.080297
-0.326832,0.733923
-0.920881,0.584266
-0.953843,0.122528
-0.746441,-0.601390
-0.309086,-1.092027
0.298628,-0.874461
0.829574,-0.371933
1.114691,0.050350
0.785197,0.553974
0.159305,0.916762
-0.221577,1.038460
-0.717022,0.606725
-0.905100,-0.057070
-0.943212,-0.600385
-0.246269,-0.782555
0.398751,-0.931676
0.829856,-0.641821
0.960835,0.080571
0.831094,0.719669
0.449146,0.907424
-0.387163,0.790214
-0.932052,0.557953
-0.897766,0.095904
-0.720474,-0.590086
-0.293086,-1.072232
0.200863,-0.936286
0.777938,-0.482417
1.025297,0.028363
0.751930,0.465936
0.293146,1.008006
-0.312970,0.936923
-0.768457,0.605042
-1.045203,-0.095629
-0.865346,-0.557748
-0.356374,-0.761651
0.377749,-0.904839
0.753185,-0.676764
0.837043,-0.020626
0.891470,0.721556
0.401973,0.940264
-0.325092,0.829659
-0.939089,0.646359
-0.964377,0.114102
-0.705943,-0.566883
-0.294400,-1.049732
0.215860,-0.992608
0.791151,-0.589565
1.075956,0.025246
0.722272,0.522056
0.184428,0.962500
-0.200839,0.997491
-0.770989,0.564424
-0.999781,-0.102893
-0.892231,-0.659788
-0.249316,-0.858326
0.541931,-0.940966
0.789177,-0.688375
0.856145,-0.059051
0.862026,0.671381
0.419667,0.916213
-0.208698,0.788008
-0.872750,0.520283
-1.033440,0.096034
-0.718849,-0.625260
-0.287865,-0.949507
0.234051,-0.945215
0.752311,-0.473584
1.003790,-0.002219
0.728828,0.455081
0.239875,0.991224
-0.316679,1.077302
-0.800759,0.618072
-1.027542,-0.079007
-1.005868,-0.677392
-0.322176,-0.822479
0.365749,-0.962292
0.781119,-0.686496
0.895782,0.048840
0.818148,0.673583
0.411995,0.888004
-0.244433,0.874298
-0.788966,0.691241
-0.957402,0.036220
-0.718499,-0.571023
-0.271419,-1.069269
0.172654,-0.889209
0.767725,-0.487551
1.056438,-0.064891
0.823635,0.386215
0.270942,1.023405
-0.197810,1.049999
-0.642803,0.550410
-0.965116,-0.109146
-0.943433,-0.587870
-0.305185,-0.891363
0.436190,-0.962227
0.802904,-0.651579
0.993143,-0.062747
0.768019,0.741834
0.373310,0.919421
-0.290015,0.863441
-0.808677,0.661902
-1.090637,0.049070
-0.751319,-0.589383
-0.244622,-1.028897
0.175069,-0.904763
0.911972,-0.528398
1.058924,0.072423
0.862633,0.390825
0.204608,0.962768
-0.286039,0.997275
-0.760811,0.579533
-1.080310,-0.060466
-0.870240,-0.600858
-0.335482,-0.800172
0.363082,-0.941224
0.753752,-0.655555
0.847748,0.026019
0.876678,0.581675
0.362885,1.032434
-0.336141,0.774773
-0.810683,0.598824
-1.021616,0.116339
-0.709300,-0.670829
-0.290634,-1.063558
0.194217,-0.979641
0.774611,-0.531407
1.163944,0.015333
0.825009,0.499296
0.177542,0.955149
-0.378282,1.061533
-0.766901,0.519897
-1.051227,-0.079279
-1.016816,-0.647044
-0.250320,-0.872178
0.414122,-0.978695
0.835850,-0.757288
0.829056,0.028706
0.784762,0.766889
0.397012,0.934897
-0.305238,0.885786
-0.919331,0.548765
-1.062246,0.127672
-0.654425,-0.505183
-0.273503,-1.013215
0.212760,-1.004196
0.860629,-0.482606
1.160405,-0.018021
0.878712,0.474097
0.217168,1.046253
-0.324757,1.023216
-0.733008,0.549123
-0.955438,-0.065963
-0.944090,-0.630511
-0.354693,-0.905626
0.436737,-1.054542
0.835167,-0.753566
0.931827,-0.032209
0.766556,0.654062
0.424054,0.973799
-0.263252,0.859953
-0.933009,0.662142
-1.013407,0.126378
-0.723915,-0.602630
-0.233056,-1.045628
0.254057,-0.839995
0.741989,-0.477428
1.023962,0.041046
0.841523,0.558858
0.198362,0.925396
-0.282388,1.091871
-0.695732,0.611727
-0.949520,-0.115701
-0.990303,-0.513486
-0.336410,-0.893654
0.421567,-0.964216
0.820740,-0.703511
0.852593,-0.066148
0.782659,0.742487
0.379725,0.940272
-0.306783,0.789219
-0.873989,0.556589
-1.013773,0.061399
-0.716670,-0.517584
-0.413726,-1.019244
0.155962,-0.890316
0.901666,-0.477266
1.014265,0.022861
0.877237,0.442010
0.194122,0.985392
-0.407177,1.033072
-0.636133,0.612519
-0.935797,-0.106632
-0.934179,-0.641180
-0.265653,-0.774257
0.391222,-0.970258
0.811563,-0.579856
0.908313,0.008576
0.797466,0.693513
0.435236,0.981860
-0.289730,0.886761
-0.935161,0.622836
-0.985200,0.103222
-0.735046,-0.560256
-0.302326,-1.086736
0.184174,-1.009991
0.813882,-0.398176
1.180032,0.029857
0.776322,0.492895
0.135861,0.877197
-0.229310,1.116828
-0.694395,0.588927
-1.032531,-0.164673
-0.921499,-0.603866
-0.354705,-0.811228
0.455909,-0.937995
0.844684,-0.628048
0.931429,-0.168579
0.820027,0.745026
0.306515,0.924548
-0.368366,0.870252
-0.894797,0.572199
-1.132747,0.128704
-0.712980,-0.550577
-0.360283,-0.995612
0.240682,-0.940586
0.799187,-0.449604
1.152946,0.025574
0.825900,0.456061
0.214704,0.949831
-0.357684,1.110508
-0.677632,0.484565
-0.881036,-0.024533
-0.994539,-0.594038
-0.360204,-0.800683
0.492222,-0.959721
0.834607,-0.759394
0.885204,-0.077686
0.848116,0.655580
0.425642,0.880622
-0.341648,0.891557
-0.942432,0.512225
-0.957236,0.007545
-0.691852,-0.544535
-0.255133,-1.062905
0.241706,-1.001999
0.778317,-0.523440
1.176206,-0.010955
0.762859,0.482144
0.186352,0.929330
-0.348156,0.920740
-0.779076,0.541527
-0.968870,-0.171475
-0.961660,-0.600926
-0.343228,-0.835170
0.456156,-0.956198
0.852278,-0.703168
0.868929,-0.011784
0.743615,0.589173
0.403804,0.987820
-0.388910,0.885277
-0.959538,0.619519
-1.019389,0.109704
-0.716924,-0.634355
-0.336779,-1.069967
0.201750,-0.966330
0.878119,-0.532821
1.131356,0.074364
0.877978,0.506784
0.253818,1.031772
-0.297418,1.099401
-0.769709,0.600489
-1.066804,-0.114638
-0.910046,-0.582312
-0.329447,-0.875878
0.362290,-0.997752
0.829502,-0.736678
0.961204,0.015307
0.805613,0.624508
0.413309,0.942118
-0.336365,0.779778
-0.943414,0.648815
-0.901317,0.093738
-0.771838,-0.598819
-0.317078,-1.038444
0.186660,-0.971551
0.803522,-0.555693
1.152317,-0.023495
0.858705,0.561165
0.202011,0.966023
-0.252842,1.107698
-0.747344,0.713157
-0.982216,-0.087106
-0.820041,-0.596652
-0.337896,-0.786883
0.419273,-0.947321
0.883946,-0.739401
0.857876,-0.066337
0.812233,0.652820
0.393277,0.964070
-0.364864,0.834007
-0.888804,0.568600
-1.042206,0.041395
-0.626229,-0.611984
-0.307984,-1.047416
0.198510,-1.042439
0.811061,-0.529677
1.105139,0.107982
0.799056,0.542900
0.211878,1.015722
-0.337758,0.948329
-0.733989,0.581210
-0.973648,-0.075995
-1.015835,-0.590483
-0.348991,-0.807757
0.409445,-0.931245
0.826136,-0.658908
0.880473,0.051635
0.815828,0.601128
0.391544,0.968296
-0.402053,0.792549
-0.861993,0.609731
-0.986600,0.165662
-0.756885,-0.591786
-0.235268,-1.130741
0.242892,-1.019588
0.777742,-0.490104
1.155328,-0.031488
0.835968,0.568020
0.250461,0.936449
-0.339107,1.143291
-0.736849,0.587225
-1.041123,-0.155415
-0.936070,-0.476270
-0.424671,-0.865887
0.463205,-0.876229
0.749995,-0.613732
0.928486,-0.007405
0.744106,0.722622
0.414857,1.000437
-0.368635,0.920569
-0.910011,0.574716
-1.079985,0.046189
-0.738613,-0.529394
-0.276035,-1.021308
0.219712,-1.044044
0.817569,-0.434205
1.057078,-0.068730
0.699190,0.470161
0.164366,0.921705
-0.334565,1.037276
-0.635055,0.586354
-0.971524,-0.146472
-0.893194,-0.536229
-0.338110,-0.822889
0.372554,-0.918749
0.841048,-0.623828
0.881397,0.063338
0.792172,0.698275
0.504910,0.961081
-0.358108,0.823013
-0.923097,0.608505
-1.012484,0.085431
-0.741584,-0.674458
-0.379595,-1.028174
0.272635,-1.002271
0.738395,-0.413373
1.054619,0.092921
0.821830,0.525850
0.146830,0.899382
-0.316807,1.055869
-0.721847,0.537199
-1.011838,-0.137368
-0.916020,-0.632598
-0.379438,-0.856970
0.381542,-0.945810
0.873243,-0.691403
0.958197,0.015585
0.779978,0.636990
0.463262,1.007452
-0.356010,0.903933
-0.977215,0.557160
-1.100863,0.121507
-0.764667,-0.619973
-0.286023,-1.092709
0.192740,-0.953737
0.892099,-0.440464
1.141972,-0.012094
0.791306,0.501927
0.197853,0.965606
-0.319813,0.984305
-0.659062,0.445538
-1.019209,-0.171470
-0.909742,-0.618170
-0.345789,-0.891394
0.473955,-0.998719
0.791561,-0.778553
0.867660,0.011083
0.733010,0.740014
0.457329,1.019286
-0.338602,0.879126
-0.912536,0.549562
-1.020522,0.126150
-0.718343,-0.680372
-0.408144,-1.006974
0.169788,-0.907430
0.754836,-0.531080
1.208920,0.014448
0.876360,0.503321
0.230921,0.958021
-0.184679,1.141157
-0.645151,0.594909
-1.067236,-0.160272
-0.973278,-0.647201
-0.295624,-0.794925
0.405548,-1.030873
0.819591,-0.678019
0.858753,-0.078000
0.901292,0.716340
0.391461,0.944626
-0.253005,0.901302
-0.836047,0.513575
-1.029262,0.025189
-0.680198,-0.602649
-0.229368,-1.079174
0.281929,-0.890874
0.846605,-0.493555
1.121985,0.002097
0.812960,0.472395
0.272455,1.017914
-0.279864,0.940388
-0.702802,0.578142
-1.023635,-0.168945
-0.976650,-0.670149
-0.317693,-0.756877
0.502240,-0.887101
0.784836,-0.638418
0.867939,-0.041893
0.796984,0.712743
0.398374,0.975050
-0.336976,0.852755
-0.876855,0.621250
-0.983710,0.156887
-0.649873,-0.550532
-0.278941,-0.986575
0.218341,-0.895947
0.703864,-0.500694
1.109857,0.030034
0.776361,0.429745
0.262903,0.870724
-0.305345,1.105076
-0.747148,0.543119
-1.027162,-0.084521
-0.969091,-0.622729
-0.336394,-0.849204
0.424776,-0.885102
0.867958,-0.625154
0.925993,-0.006893
0.849502,0.713690
0.453572,0.939574
-0.325198,0.876329
-0.836360,0.538486
-1.067585,0.146165
-0.702848,-0.567522
-0.335305,-1.088555
0.110745,-0.892139
0.891967,-0.506892
1.000115,-0.065109
0.843485,0.486699
0.298676,0.964006
-0.319173,1.090086
-0.714786,0.580758
-1.094939,-0.044409
-0.921507,-0.566970
-0.236471,-0.887133
0.382911,-0.960007
0.760297,-0.614862
0.784213,-0.090176
0.873301,0.750996
0.429606,0.917354
-0.324118,0.894088
-0.856878,0.564876
-1.026534,0.143870
-0.725718,-0.552817
-0.202816,-1.142983
0.164204,-1.039045
0.823534,-0.509238
1.111176,-0.057126
0.813889,0.435196
0.209331,0.990861
-0.374350,1.023441
-0.715892,0.553247
-1.012124,-0.126746
-0.942463,-0.643506
-0.350694,-0.878995
0.358931,-0.995712
0.768546,-0.603884
0.920455,0.067461
0.810840,0.691581
0.491792,1.011022
-0.278850,0.884960
-0.938770,0.578988
-1.026956,0.098586
-0.717666,-0.595233
-0.326518,-0.966230
0.209202,-0.900727
0.906077,-0.507233
1.092401,-0.049998
0.815617,0.442002
0.149435,0.957537
-0.384044,1.077825
-0.715799,0.604501
-1.020864,-0.143558
-0.898932,-0.576508
-0.241168,-0.810640
0.383494,-1.053256
0.774788,-0.741113
0.948925,-0.054167
0.787233,0.661796
0.411893,0.940147
-0.314301,0.812657
-0.815058,0.588116
-1.084157,-0.039842
-0.750062,-0.582017
-0.276477,-1.094052
0.267022,-0.867683
0.757564,-0.568443
1.158942,-0.066583
0.785465,0.441541
0.172704,1.010971
-0.340523,0.979246
-0.691325,0.593731
-0.975770,-0.046316
-0.952756,-0.576323
-0.298719,-0.921180
0.389912,-0.954790
0.749378,-0.694264
0.984589,-0.018413
0.760641,0.647802
0.414144,0.983867
-0.367260,0.861500
-0.930587,0.636383
-0.995456,0.143473
-0.700947,-0.627859
-0.360205,-1.081203
0.203023,-0.862447
0.826514,-0.597676
1.174209,0.064517
0.848925,0.567630
0.262661,0.952035
-0.277366,1.080501
-0.742373,0.741170
-1.016418,-0.141759
-0.863690,-0.530601
-0.343388,-0.820262
0.352949,-0.975952
0.806828,-0.635328
0.809100,0.038586
0.769896,0.661954
0.352040,1.015048
-0.329642,0.828472
-0.843400,0.587179
-0.884041,0.115838
-0.679364,-0.497197
-0.357048,-0.981733
0.245572,-0.902261
0.830042,-0.499971
1.069882,0.056461
0.853071,0.401261
0.184839,0.909541
-0.337989,1.104490
-0.706148,0.628539
-0.965727,-0.022575
-0.927433,-0.509179
-0.291256,-0.858473
0.317546,-1.006130
0.823631,-0.761427
0.876078,0.025977
0.782871,0.713779
0.282728,1.067064
-0.381477,0.841074
-0.996294,0.635855
-0.969727,0.215827
-0.755114,-0.543479
-0.295351,-0.932791
0.241962,-0.886872
0.781696,-0.521306
1.048627,-0.061039
0.869543,0.497275
0.222114,0.999952
-0.370651,1.035524
-0.684996,0.651549
-1.033191,-0.079839
-0.885772,-0.593224
-0.267708,-0.855618
0.368170,-0.962739
0.833599,-0.692359
0.749427,-0.006634
0.836373,0.714085
0.311014,0.886153
-0.182739,0.824711
-0.891309,0.534988
-1.030677,0.010295
-0.652353,-0.592333
-0.348239,-1.186386
0.214976,-1.023243
0.794772,-0.520494
1.100059,-0.083962
0.781040,0.485028
0.230924,0.999041
-0.346009,1.040985
-0.703391,0.527065
-0.968575,-0.053414
-0.938792,-0.559050
-0.267236,-0.914840
0.433303,-0.912913
0.794241,-0.688237
0.874300,0.002276
0.806577,0.669618
0.386375,0.921888
-0.334709,0.808392
-0.915652,0.587219
-1.010612,0.067432
-0.703678,-0.611259
-0.238028,-1.026754
0.254606,-0.966274
0.851495,-0.556395
1.125866,-0.048316
0.778828,0.532530
0.155984,1.031639
-0.320395,1.047523
-0.649709,0.568107
-0.940040,-0.120141
-0.981918,-0.573213
-0.397724,-0.850109
0.492760,-0.828867
0.880268,-0.695033
0.868672,-0.006147
0.805156,0.715713
0.411516,1.006761
-0.253858,0.830602
-0.933416,0.550732
-0.970410,0.102228
-0.695328,-0.577824
-0.293985,-1.053692
0.261718,-0.858209
0.816350,-0.456326
1.035934,0.066182
0.854137,0.546231
0.184665,0.875035
-0.264126,1.017858
-0.695780,0.578784
-1.048901,-0.095940
-0.896264,-0.575609
-0.340769,-0.894986
0.422528,-0.926329
0.788802,-0.736585
0.950503,0.031252
0.773431,0.756102
0.390635,0.964721
-0.344011,0.866438
-0.948712,0.701343
-1.013488,0.106844
-0.698307,-0.620938
-0.280981,-1.096087
0.211569,-0.976296
0.786263,-0.467704
1.022046,-0.032689
0.856123,0.534904
0.183636,0.921483
-0.288980,0.994271
-0.762272,0.559144
-0.924289,-0.079937
-0.874439,-0.599842
-0.353450,-0.825104
0.426420,-0.925333
0.876154,-0.587756
0.891169,0.093984
0.723952,0.708422
0.431858,0.998930
-0.216647,0.863258
-0.988878,0.555558
-0.948759,0.147059
-0.720660,-0.663722
-0.313575,-0.894471
0.218604,-0.976379
0.809633,-0.514225
1.143139,-0.011434
0.750789,0.464007
0.204715,0.845301
-0.355796,1.131310
-0.734553,0.543383
-0.851371,-0.154665
-0.951315,-0.622217
-0.286574,-0.831235
0.424333,-0.888611
0.713019,-0.673623
0.842639,0.092148
0.718206,0.751705
0.401373,0.946975
-0.374750,0.800880
-0.953880,0.635498
-1.076756,0.104697
-0.675357,-0.568892
-0.279174,-1.019762
0.283335,-0.940116
0.800223,-0.503253
1.136904,-0.046014
0.865497,0.561010
0.313619,0.982040
-0.371495,1.084477
-0.749534,0.556431
-1.049048,-0.065517
-0.978348,-0.635055
-0.273295,-0.887278
0.445424,-0.874623
0.739126,-0.587117
0.845714,0.042945
0.824702,0.593892
0.384432,0.980193
-0.297566,0.798788
-0.917471,0.623113
-0.946999,0.172502
-0.652682,-0.593366
-0.400509,-1.139881
0.276831,-0.965666
0.784926,-0.541487
1.043298,-0.004416
0.839162,0.465153
0.160032,1.026539
-0.371879,0.937023
-0.726266,0.553714
-0.931940,-0.120995
-0.999913,-0.622774
-0.361083,-0.857414
0.324440,-0.932145
0.748780,-0.595433
0.892572,-0.001010
0.743028,0.591704
0.424536,0.942991
-0.303726,0.829816
-0.872907,0.635357
-0.903998,0.087162
-0.758441,-0.524880
-0.333064,-1.122492
0.178802,-1.066151
0.786409,-0.460376
1.120168,0.060529
0.839009,0.455638
0.183719,0.976253
-0.242432,1.037894
-0.722599,0.690322
-1.005794,-0.049998
-0.953513,-0.573194
-0.275618,-0.841773
0.446303,-0.871188
0.809157,-0.678606
0.792350,0.011096
0.796824,0.693269
0.438681,0.976159
-0.329881,0.971539
-0.913853,0.574370
-0.974372,0.139207
-0.799987,-0.634119
-0.269282,-1.034585
0.114332,-1.034306
0.813794,-0.409066
1.128748,0.049379
0.783920,0.492960
0.232374,0.890457
-0.284324,1.160510
-0.735604,0.681448
-1.021219,-0.155441
-0.868822,-0.622618
-0.293693,-0.883782
0.439041,-0.979861
0.829559,-0.705961
0.871534,0.011828
0.756169,0.627841
0.357948,1.000517
-0.375815,0.847004
-1.009458,0.586330
-1.029501,0.170222
-0.754058,-0.526511
-0.305800,-1.047126
0.197603,-0.971538
0.827674,-0.466916
1.156292,-0.014339
0.759970,0.542202
0.196505,0.886639
-0.328054,1.028279
-0.752695,0.565775
-1.059650,-0.112209
-0.906035,-0.585950
-0.295839,-0.873080
0.395153,-1.014722
0.837135,-0.688672
0.915590,0.045629
0.859600,0.577992
0.411180,0.957512
-0.301357,0.860135
-0.852977,0.637846
-1.021581,0.071151
-0.685915,-0.586982
-0.259250,-1.020412
0.254150,-0.972608
0.850609,-0.501759
1.131254,-0.015757
0.794912,0.420995
0.258239,0.980247
-0.334160,1.071913
-0.730025,0.591402
-1.010617,-0.143488
-0.881914,-0.569485
-0.228542,-0.840544
0.475081,-0.978440
0.872737,-0.760585
0.934591,0.022570
0.816797,0.687674
0.365642,0.986322
-0.338175,0.791472
-0.902024,0.462357
-0.914641,0.116800
-0.680086,-0.597783
-0.290372,-1.111828
0.238097,-0.977257
0.742006,-0.507883
1.066991,-0.040502
0.834842,0.521481
0.260198,0.864285
-0.338671,0.953553
-0.681068,0.475863
-1.094119,-0.082929
-0.883795,-0.747011
-0.237634,-0.840969
0.399015,-0.935016
0.778266,-0.694383
1.033772,0.004391
0.811499,0.726823
0.478195,0.925787
-0.341489,0.850653
-0.968432,0.683462
-1.076473,0.082024
-0.659213,-0.601930
-0.391897,-1.013700
0.109241,-0.936123
0.778350,-0.489981
1.080576,0.010347
0.795249,0.455598
0.147011,0.953677
-0.349380,1.101135
-0.706160,0.599313
-1.096635,-0.158081
-0.904117,-0.635147
-0.278720,-0.929030
0.477680,-0.937565
0.831802,-0.635308
0.957871,-0.031210
0.824079,0.761129
0.483743,0.925435
-0.302633,0.771720
-0.804649,0.556207
-0.970008,0.113910
-0.736881,-0.582990
-0.299781,-1.052869
0.121932,-1.022585
0.869571,-0.467054
1.086333,-0.029372
0.870658,0.420302
0.319485,0.961551
-0.308495,1.059084
-0.707104,0.632209
-1.007550,-0.116459
-0.890362,-0.466366
-0.198195,-0.797825
0.473220,-0.911070
0.821089,-0.765544
0.953023,-0.108033
0.706119,0.687488
0.415213,0.993298
-0.450494,0.913516
-0.852801,0.540238
-1.108438,0.186572
-0.681634,-0.652122
-0.354159,-1.088995
0.336973,-0.988411
0.745789,-0.452871
1.083559,-0.020519
0.893647,0.549516
0.231201,0.914391
-0.298650,1.129747
-0.720508,0.593848
-0.995273,-0.128408
-0.946495,-0.589702
-0.317296,-0.811262
0.406833,-0.979853
0.845562,-0.728187
0.904062,0.048805
0.851353,0.749078
0.334670,1.018152
-0.238483,0.787404
-0.886127,0.606127
-0.918023,0.131688
-0.682408,-0.665720
-0.314093,-1.028388
0.216075,-0.918913
0.751341,-0.394068
1.088694,-0.055756
0.818334,0.484435
0.215752,1.080352
-0.390836,1.007083
-0.684477,0.561785
-1.050166,-0.124715
-0.919751,-0.662688
-0.266453,-0.808001
0.373702,-0.829581
0.802761,-0.655467
0.877993,0.046185
0.836033,0.618346
0.351406,0.938359
-0.386576,0.811680
-1.012730,0.526482
-0.891202,0.016719
-0.675123,-0.554605
-0.228105,-1.102898
0.190315,-0.917224
0.865143,-0.459566
1.077742,0.015921
0.745878,0.433312
0.251365,1.022488
-0.323739,1.090365
-0.696022,0.668751
-0.979053,-0.033240
-0.879443,-0.566075
-0.319655,-0.779027
0.293544,-0.935369
0.749615,-0.701255
0.928275,-0.033363
0.906363,0.693055
0.407258,0.956646
-0.240029,0.764931
-1.027852,0.600722
-0.925495,0.164342
-0.765796,-0.614241
-0.359691,-0.933961
0.194028,-0.990190
0.823851,-0.465131
1.040113,0.061677
0.858822,0.548820
0.136907,0.979778
-0.302215,1.061563
-0.753208,0.617169
-0.989331,-0.164353
-1.009895,-0.604763
-0.357982,-0.898785
0.346564,-0.923049
0.854501,-0.606442
0.788016,-0.024161
0.895563,0.691717
0.383354,1.045454
-0.299526,0.846793
-1.036393,0.603548
-1.039849,0.111851
-0.667136,-0.571049
-0.233999,-1.133709
0.159469,-0.906861
0.865654,-0.457167
1.108750,-0.093292
0.841117,0.585257
0.198392,0.945948
-0.233268,0.983239
-0.794395,0.582161
-0.967879,-0.061694
-0.832133,-0.621147
-0.270560,-0.820208
0.394684,-0.959254
0.834894,-0.644259
0.913071,-0.003040
0.795250,0.712382
0.462498,0.991957
-0.241877,0.865297
-0.977051,0.621950
-0.907077,0.101754
-0.706430,-0.570175
-0.317554,-0.977947
0.255338,-0.974626
0.770657,-0.463743
1.123409,-0.112714
0.792644,0.484029
0.207270,0.990901
-0.289646,1.073921
-0.707960,0.546321
-1.016410,-0.094928
-0.848758,-0.596936
-0.280333,-0.816298
0.433981,-0.922008
0.853264,-0.726608
0.795534,0.111519
0.854481,0.636945
0.524366,0.999520
-0.360731,0.834820
-0.783114,0.634463
-1.089504,0.183064
-0.743890,-0.535352
-0.275302,-1.039503
0.179130,-0.933756
0.764513,-0.503904
1.107652,-0.016407
0.830881,0.541878
0.252739,0.941018
-0.322625,1.073294
-0.810448,0.661324
-0.971370,-0.074322
-0.844246,-0.637801
-0.332080,-0.900046
0.448354,-1.016528
0.740856,-0.737337
0.863881,-0.040597
0.749696,0.711567
0.413819,0.905586
-0.367592,0.825387
-0.826203,0.496129
-0.974380,0.050830
-0.706838,-0.598771
-0.273226,-1.046384
0.272891,-0.891527
0.828455,-0.493391
1.058172,0.077528
0.813382,0.392352
0.187200,1.003425
-0.282089,1.035584
-0.728372,0.640186
-0.996457,-0.037800
-0.856510,-0.559187
-0.348948,-0.893342
0.401633,-0.937083
0.797348,-0.642452
0.869523,-0.033831
0.936961,0.720159
0.467486,0.999474
-0.341953,0.859227
-0.941126,0.535281
-0.982933,0.066447
-0.645692,-0.597272
-0.314140,-1.005618
0.251642,-0.958577
0.721663,-0.529820
1.120218,0.061309
0.875283,0.522803
0.217135,1.006860
-0.340789,0.983710
-0.653454,0.525611
-1.049169,-0.070951
-0.923127,-0.577886
-0.278316,-0.972227
0.363622,-0.940214
0.941577,-0.728058
0.890524,0.048106
0.708396,0.726368
0.464218,0.974406
-0.290896,0.793231
-0.910853,0.633210
-0.975359,-0.003782
-0.676857,-0.637375
-0.314073,-1.139677
0.243752,-1.088952
0.828920,-0.535551
1.148038,0.009421
0.785230,0.466294
0.190158,1.005535
-0.277203,0.952169
-0.673557,0.550870
-1.000792,-0.146508
-0.903823,-0.573872
-0.260949,-0.886201
0.366798,-0.925888
0.749311,-0.684027
0.940058,0.030749
0.828632,0.563468
0.374105,0.951417
-0.323051,0.806644
-0.946744,0.586085
-1.025884,0.056571
-0.642685,-0.547759
-0.306326,-1.085959
0.153576,-0.903749
0.835385,-0.472627
1.126493,-0.010930
0.806028,0.494015
0.205649,0.910148
-0.283732,0.980502
-0.670456,0.518059
-1.004831,-0.054678
-0.937216,-0.631386
-0.320375,-0.839578
0.458047,-0.976347
0.847706,-0.675926
0.878966,0.023329
0.951075,0.702726
0.534581,1.020561
-0.361628,0.785366
-0.857520,0.509399
-1.049814,0.159781
-0.706809,-0.635985
-0.231326,-1.076677
0.247719,-0.828804
0.749329,-0.442410
1.125893,-0.138051
0.686370,0.526678
0.129710,0.965700
-0.307253,0.945868
-0.750299,0.639256
-0.921133,-0.047073
-0.902342,-0.638626
-0.245137,-0.832844
0.414896,-0.917775
0.817492,-0.735285
0.908642,-0.018591
0.907343,0.726394
0.489897,0.984637
-0.364948,0.840520
-0.922011,0.522766
-0.915699,0.053357
-0.784312,-0.568857
-0.217068,-1.091310
0.240739,-0.881498
0.757987,-0.494564
0.988906,-0.070781
0.812015,0.324699
0.296175,0.952577
-0.297292,1.082649
-0.681303,0.575006
-0.975661,-0.114909
-0.921303,-0.627178
-0.289156,-0.885304
0.377630,-1.003491
0.780356,-0.638053
0.853813,-0.022343
0.790318,0.701761
0.390287,0.970130
-0.299684,0.966905
-0.926296,0.575417
-1.082871,0.097673
-0.764292,-0.528652
-0.322416,-0.995102
0.235474,-0.888192
0.794543,-0.492337
1.119539,-0.075904
0.732086,0.455087
0.268481,0.820497
-0.332080,0.968525
-0.749311,0.693309
-0.998062,-0.056220
-0.886481,-0.614638
-0.320317,-0.884623
0.442019,-0.999652
0.720712,-0.734892
0.894997,0.016512
0.852069,0.728685
0.432995,0.942727
-0.323198,0.912546
-0.892744,0.461891
-0.912164,0.147779
-0.765484,-0.494537
-0.295919,-1.018640
0.215327,-0.988490
0.843918,-0.510610
1.042940,-0.065883
0.889107,0.439786
0.252597,0.860530
-0.193075,1.062815
-0.704985,0.565543
-1.030096,-0.080853
-0.998858,-0.557289
-0.332619,-0.840383
0.345571,-0.995626
0.708458,-0.735027
0.856692,0.008037
0.795937,0.635602
0.400671,0.972628
-0.179774,0.881542
-0.831053,0.584801
-0.990196,0.105859
-0.672988,-0.600280
-0.327865,-1.020508
0.188330,-0.973350
0.833943,-0.494316
1.094432,0.113958
0.889074,0.440149
0.246634,0.938306
-0.360759,1.080506
-0.783528,0.563751
-0.992044,-0.086257
-0.848798,-0.579462
-0.361291,-0.829610
0.362547,-0.917949
0.929149,-0.589918
0.901504,0.041670
0.792449,0.726686
0.533441,1.003235
-0.323704,0.864138
-0.965464,0.679474
-0.995814,0.067899
-0.771447,-0.594262
-0.388272,-1.017341
0.257285,-0.949759
0.781169,-0.516736
1.124554,-0.023796
0.753650,0.484531
0.197005,0.894043
-0.370488,1.016816
-0.756190,0.572015
-0.912428,-0.137504
-0.871492,-0.546053
-0.274894,-0.880290
0.407988,-0.919462
0.791663,-0.764871
0.898706,0.004876
0.787523,0.768044
0.434825,0.918584
-0.313682,0.935794
-0.899100,0.673170
-0.866128,0.119857
-0.709127,-0.596030
-0.363371,-1.014417
0.288726,-1.057827
0.757491,-0.478645
1.048263,0.050317
0.899646,0.506099
0.231367,0.937834
-0.359443,1.070696
-0.703955,0.566720
-0.929099,-0.121969
-0.954222,-0.563898
-0.298185,-0.858535
0.531275,-0.967002
0.802727,-0.763709
0.816646,0.064337
0.790105,0.633305
0.395104,0.912295
-0.334936,0.859480
-0.821347,0.582458
-0.989354,0.031284
-0.706903,-0.614607
-0.280928,-1.063310
0.217035,-0.891412
0.712706,-0.527641
1.134073,-0.047751
0.836700,0.497962
0.228764,0.923888
-0.272012,1.003985
-0.652967,0.612028
-0.930343,-0.108044
-0.988840,-0.589639
-0.346800,-0.796481
0.358183,-0.948435
0.786268,-0.710203
0.918428,-0.077969
0.719745,0.625687
0.442467,0.927498
-0.384725,0.826441
-0.958696,0.522511
-1.060988,0.079218
-0.733675,-0.605968
-0.292960,-1.133408
0.106137,-0.982363
0.887090,-0.566406
1.051736,-0.082093
0.917210,0.541489
0.132067,0.979383
-0.265834,0.946764
-0.680540,0.528962
-1.011649,-0.106850
-0.980611,-0.612961
-0.332431,-0.853647
0.473497,-0.953740
0.851925,-0.668874
0.943011,-0.079814
0.883633,0.682744
0.433352,0.965507
-0.312110,0.785241
-0.865371,0.596575
-0.965132,0.157593
-0.640131,-0.615156
-0.285133,-1.037167
0.239587,-0.954994
0.859636,-0.352324
1.100013,0.049140
0.754802,0.472988
0.207269,0.858006
-0.304044,1.074708
-0.652634,0.573947
-0.967340,-0.011892
-0.934038,-0.498018
-0.297454,-0.777778
0.394110,-0.931100
0.784325,-0.750370
0.940712,0.052719
0.756791,0.687060
0.462211,1.019452
-0.326163,0.835916
-0.887408,0.506708
-1.019994,0.009914
-0.742132,-0.643374
-0.340515,-1.003186
0.251275,-1.024975
0.724133,-0.489497
1.105889,-0.035656
0.776838,0.555460
0.183669,0.953938
-0.217848,1.002521
-0.744070,0.594384
-1.036857,-0.036188
-0.986356,-0.570178
-0.402525,-0.837957
0.396947,-1.028452
0.774747,-0.638494
0.934545,0.008243
0.819145,0.735651
0.363508,0.937273
-0.235593,0.822273
-0.854042,0.658366
-0.999050,0.042655
-0.669838,-0.627843
-0.223372,-1.040859
0.228699,-1.065116
0.781664,-0.493041
1.105860,0.066476
0.817702,0.431052
0.222896,0.873583
-0.251725,1.029756
-0.693133,0.649074
-1.082603,-0.127652
-0.949043,-0.671466
-0.362343,-0.805070
0.426743,-0.959920
0.795586,-0.678664
0.917634,0.136903
0.784299,0.673927
0.372600,0.861885
-0.258151,0.894867
-0.888867,0.656090
-1.011967,0.105811
-0.792163,-0.557821
-0.373346,-1.030575
0.149798,-0.921000
0.805958,-0.396120
1.052070,-0.082367
0.862519,0.478202
0.246138,0.975344
-0.317264,1.107983
-0.751604,0.506299
-1.025131,-0.094757
-0.894463,-0.602513
-0.307965,-0.899782
0.398401,-0.881694
0.867663,-0.651425
0.882520,0.062420
0.802115,0.741406
0.436715,0.966178
-0.295478,0.798874
-0.854976,0.508775
-1.024616,0.110288
-0.747952,-0.587631
-0.276124,-1.100189
0.215391,-0.949675
0.848613,-0.513928
1.136088,0.019036
0.844368,0.601363
0.160263,0.958351
-0.313856,1.080792
-0.735995,0.616597
-1.023348,-0.010842
-0.902850,-0.605683
-0.233222,-0.903027
0.513442,-0.971342
0.767874,-0.739902
0.897962,0.042009
0.768770,0.692443
0.370027,0.876312
-0.322533,0.879105
-0.990104,0.508124
-0.982023,0.057293
-0.765396,-0.560883
-0.317762,-1.133061
0.169094,-0.912476
0.842991,-0.540675
1.140013,-0.105547
0.839244,0.514025
0.206007,0.986162
-0.389494,1.031341
-0.762004,0.604068
-0.977886,-0.160057
-0.939517,-0.554280
-0.325059,-0.754586
0.434721,-1.005902
0.914662,-0.740931
0.862727,-0.026525
0.830598,0.756960
0.380465,0.908635
-0.365327,0.847457
-0.926257,0.561175
-1.012648,0.065059
-0.730815,-0.622492
-0.283592,-1.019568
0.194535,-0.973049
0.705901,-0.388535
1.126373,-0.030010
0.833049,0.567362
0.137250,0.999797
-0.342829,1.003262
-0.733127,0.642117
-0.966112,-0.060332
-0.921557,-0.602219
-0.261486,-0.862680
0.371134,-0.909098
0.851624,-0.684664
0.900082,0.033323
0.790458,0.716778
0.450680,1.017233
-0.269214,0.829314
-0.880250,0.542625
-1.006417,0.167711
-0.656687,-0.621098
-0.249330,-0.983567
0.193462,-0.956952
0.814393,-0.522602
1.024186,0.037087
0.774928,0.521551
0.257696,1.025182
-0.356789,1.000294
-0.692317,0.694988
-1.001907,-0.111252
-0.826838,-0.598105
-0.302047,-0.848855
0.315161,-0.927478
0.787884,-0.708072
0.921117,-0.013811
0.839390,0.668316
0.432235,1.023207
-0.245497,0.776925
-0.896384,0.538085
-1.094686,0.087829
-0.740996,-0.595580
-0.298449,-1.114762
0.174807,-0.989618
0.826416,-0.514704
1.114185,0.036593
0.889650,0.508872
0.173738,1.000121
-0.369118,1.021253
-0.771752,0.529511
-1.023790,-0.062323
-0.883999,-0.617808
-0.316842,-0.914437
0.374553,-0.985655
0.753594,-0.686996
0.888237,-0.098081
0.840018,0.666221
0.464783,1.005612
-0.246590,0.825410
-0.873502,0.622761
-0.984798,0.170027
-0.740202,-0.571507
-0.293460,-1.049715
0.283206,-0.951443
0.814418,-0.377555
1.137267,0.015353
0.809139,0.517915
0.232698,0.999206
-0.355316,1.031232
-0.773056,0.632113
-1.049170,-0.198700
-1.006404,-0.566054
-0.266026,-0.820481
0.528199,-0.943046
0.798582,-0.720404
0.860303,-0.008794
0.826804,0.756448
0.488746,0.981336
-0.304493,0.873482
-0.844808,0.581441
-1.000476,0.042475
-0.697379,-0.626307
-0.384835,-1.067509
0.226501,-0.930264
0.762498,-0.429097
1.047629,-0.113474
0.730685,0.441287
0.239054,0.958386
-0.194750,1.144214
-0.745058,0.518101
-1.013480,-0.122153
-0.927047,-0.523259
-0.286961,-0.821132
0.458190,-1.055227
0.807182,-0.789302
0.879991,-0.036921
0.719149,0.607827
0.440654,0.945721
-0.305054,0.906828
-0.999405,0.583367
-1.058703,0.110408
-0.758326,-0.651856
-0.331314,-1.092038
0.164138,-0.918923
0.847899,-0.461627
1.052437,0.049879
0.783760,0.514236
0.156690,1.015239
-0.274475,0.971209
-0.730570,0.647610
-0.999734,-0.226338
-0.881384,-0.558704
-0.309531,-0.742634
0.401924,-0.970772
0.846621,-0.665503
0.918733,-0.007539
0.814810,0.633266
0.389776,0.943426
-0.300863,0.870853
-0.944975,0.594441
-0.925218,0.127851
-0.694829,-0.598195
-0.286501,-1.133019
0.176951,-0.880477
0.797858,-0.491179
1.134513,-0.062559
0.711558,0.445106
0.195489,0.910238
-0.341106,1.034654
-0.765716,0.590950
-0.965980,-0.135877
-0.947414,-0.683271
-0.360988,-0.882085
0.459074,-0.869513
0.715072,-0.681573
0.951677,0.057586
0.862324,0.629832
0.306794,0.955681
-0.320416,0.841903
-0.894676,0.704942
-0.949110,0.181651
-0.735545,-0.673003
-0.317307,-1.074954
0.246247,-0.890953
0.763930,-0.543803
1.129106,-0.115210
0.864272,0.480013
0.156581,0.985294
-0.294048,1.053450
-0.705116,0.573521
-1.052522,-0.035367
-0.901429,-0.573606
-0.321901,-0.886889
0.369328,-0.972078
0.790957,-0.709054
0.851151,0.042865
0.828925,0.705435
0.429495,0.869537
-0.271190,0.876910
-0.903998,0.523734
-0.989451,0.078262
-0.736970,-0.518059
-0.276439,-1.134678
0.177769,-0.987915
0.837249,-0.510904
1.077112,-0.061213
0.770301,0.546710
0.228501,0.922978
-0.227289,1.051961
-0.666215,0.578354
-1.022468,-0.056929
-0.978493,-0.567510
-0.384160,-0.794546
0.423031,-1.004394
0.817206,-0.704404
0.803499,0.045019
0.801071,0.716279
0.462867,0.983317
-0.310296,0.860136
-0.910635,0.549159
-1.058010,0.111184
-0.674536,-0.598062
-0.344352,-1.030591
0.180501,-0.987406
0.866325,-0.534650
1.049339,-0.013329
0.798891,0.535757
0.208512,1.013514
-0.289758,1.010504
-0.632125,0.615715
-1.000917,-0.080591
-0.882911,-0.680047
-0.313632,-0.880228
0.325314,-0.909035
0.864634,-0.642482
0.936621,-0.049269
0.869085,0.680974
0.356414,0.900469
-0.301921,0.784390
-0.813953,0.559548
-0.889765,0.132645
-0.705248,-0.633015
-0.294213,-1.063496
0.161018,-1.029977
0.798722,-0.502026
1.061727,-0.106385
0.861305,0.486936
0.188851,1.053513
-0.313585,1.046854
-0.669295,0.561868
-1.006600,-0.044337
-0.857033,-0.623566
-0.317436,-0.787892
0.446456,-0.947718
0.758441,-0.703023
0.899143,0.063137
0.735241,0.648603
0.365873,0.972330
-0.345920,0.816820
-0.812372,0.543593
-1.052934,0.179913
-0.612105,-0.595204
-0.276001,-1.068760
0.232111,-0.847642
0.772558,-0.453969
1.140703,0.102326
0.903375,0.549283
0.257963,0.995824
-0.289129,1.010427
-0.705205,0.654566
-0.965461,-0.130950
-0.901059,-0.541619
-0.319379,-0.841606
0.452533,-0.886378
0.792445,-0.638770
0.944372,-0.052328
0.914228,0.735853
0.457027,0.930076
-0.333134,0.882735
-0.918368,0.601780
-0.946970,0.089670
-0.750200,-0.593403
-0.215600,-1.021691
0.199263,-0.907176
0.815946,-0.435469
1.121101,-0.053026
0.971877,0.497755
0.204644,0.997663
-0.337633,1.185184
-0.729202,0.573266
-0.967126,-0.105000
-0.824198,-0.511378
-0.359879,-0.876750
0.391390,-0.971455
0.798052,-0.610490
0.880697,0.042047
0.884069,0.725114
0.453300,0.954668
-0.238196,0.793650
-0.933004,0.590580
-1.054840,0.095335
-0.711573,-0.675211
-0.346396,-1.059686
0.219769,-0.957885
0.862002,-0.460171
0.990671,-0.013844
0.845940,0.525257
0.316108,0.928896
-0.370317,1.124525
-0.692942,0.707272
-1.058893,-0.140477
-0.952663,-0.526212
-0.303308,-0.808734
0.500246,-0.901013
0.889466,-0.696786
0.905691,0.007554
0.860357,0.708206
0.270738,0.962375
-0.326627,0.926017
-0.921562,0.703212
-0.971319,0.074067
-0.748203,-0.648111
-0.353273,-1.097827
0.162870,-0.877088
0.837492,-0.462967
1.118738,0.006090
0.790695,0.415564
0.255854,0.937678
-0.316065,1.036030
-0.740389,0.674007
-1.034710,-0.096930
-1.013721,-0.531287
-0.300804,-0.871664
0.443743,-0.912224
0.833925,-0.697450
1.033060,0.038244
0.791426,0.737098
0.344528,0.881495
-0.219632,0.917755
-0.830720,0.682058
-1.039212,0.183703
-0.711966,-0.577510
-0.333510,-1.000254
0.236074,-0.935376
0.792173,-0.501495
1.138503,-0.040284
0.858185,0.455340
0.308168,0.963304
-0.329636,1.052436
-0.670288,0.643249
-0.947870,-0.129981
-0.896907,-0.544485
-0.227864,-0.932092
0.431156,-0.970477
0.816187,-0.700457
1.006361,0.041713
0.770529,0.776661
0.468755,0.893401
-0.345739,0.804220
-0.879094,0.568514
-0.959147,-0.067567
-0.661192,-0.536099
-0.236374,-1.053522
0.175776,-0.858069
0.746718,-0.536206
1.110628,-0.007576
0.825300,0.409317
0.205079,0.832277
-0.184266,1.014511
-0.702580,0.650458
-1.063902,-0.162778
-0.944681,-0.474594
-0.285310,-0.811224
0.404481,-0.971058
0.868421,-0.713443
0.944617,0.059975
0.855130,0.659300
0.452193,0.936777
-0.268008,0.936781
-0.914854,0.639846
-0.921732,0.105451
-0.652506,-0.590379
-0.343811,-0.970141
0.231420,-0.900906
0.861174,-0.429110
1.172568,-0.072721
0.832983,0.521279
0.252331,0.998348
-0.406381,1.073032
-0.721533,0.616978
-0.999548,-0.169801
-0.959830,-0.589568
-0.309088,-0.982669
0.395996,-0.911738
0.751019,-0.712264
0.928218,0.010040
0.776018,0.738427
0.389544,1.001126
-0.260520,0.846332
-0.941288,0.625413
-0.929967,0.059234
-0.685446,-0.540303
-0.350624,-1.014641
0.136420,-0.952868
0.813083,-0.542093
1.063395,-0.025426
0.749991,0.491532
0.145453,0.949695
-0.334943,1.012343
-0.732807,0.586600
-0.991922,-0.068305
-0.971567,-0.634005
-0.335471,-0.901682
0.377879,-1.000425
0.771305,-0.685456
0.965095,0.040155
0.822595,0.751679
0.516350,0.968190
-0.269432,0.828175
-0.890469,0.527809
-0.937204,0.127303
-0.650444,-0.577765
-0.390024,-1.064501
0.168818,-0.870285
0.797730,-0.526914
1.114273,0.030824
0.823085,0.432593
0.131847,0.969674
-0.290141,1.077877
-0.686641,0.529324
-1.044963,0.020641
-0.967435,-0.525316
-0.280500,-0.930936
0.386882,-0.939780
0.851510,-0.657054
0.950627,0.052711
0.827826,0.665078
0.337310,0.912991
-0.353555,0.814978
-1.000507,0.556974
-1.025469,0.089214
-0.753509,-0.610989
-0.230840,-1.035953
0.241264,-0.997094
0.796587,-0.499676
1.038987,0.011024
0.899299,0.525947
0.165172,0.995444
-0.409792,1.112660
-0.746624,0.587792
-1.072038,-0.110824
-0.868181,-0.591323
-0.360349,-0.903345
0.434632,-0.993771
0.884290,-0.771103
0.854002,-0.052236
0.803121,0.690236
0.504468,1.030887
-0.322415,0.895094
-0.921847,0.592830
-1.015574,0.061444
-0.746520,-0.534584
-0.348707,-1.024631
0.261294,-0.960683
0.871024,-0.441831
1.054914,-0.056090
0.909351,0.497493
0.291408,0.989370
-0.324464,0.968996
-0.791770,0.573743
-1.051091,-0.111421
-0.919152,-0.668751
-0.321106,-0.848266
0.494941,-0.963704
0.745114,-0.726492
0.894270,-0.038706
0.799374,0.750301
0.450117,0.899020
-0.320712,0.909966
-0.923032,0.578254
-1.000945,0.127943
-0.732146,-0.613748
-0.281502,-1.000376
0.236569,-0.982574
0.765491,-0.442550
1.142601,0.057381
0.825461,0.438764
0.203174,0.986123
-0.260105,1.017558
-0.644748,0.643476
-1.038297,-0.063161
-0.927040,-0.616196
-0.303663,-0.844449
0.492118,-0.937110
0.828994,-0.752646
0.911802,0.093164
0.909235,0.684350
0.397135,0.992310
-0.260092,0.916382
-0.942834,0.535430
-0.995146,0.038548
-0.663266,-0.646551
-0.344837,-1.013387
0.176106,-0.960687
0.802440,-0.437114
1.174981,0.047935
0.726467,0.486337
0.179320,1.029186
-0.259451,1.069810
-0.818792,0.548367
-0.905414,-0.056977
-0.900808,-0.608114
-0.208773,-0.821530
0.361624,-0.979717
0.850399,-0.640063
0.867441,0.000050
0.823263,0.685312
0.372027,0.928929
-0.340781,0.949057
-0.994862,0.586758
-1.141732,0.181029
-0.711815,-0.733659
-0.190865,-1.044523
0.194376,-0.959373
0.784690,-0.466341
1.124475,0.047457
0.775514,0.436289
0.183294,1.070328
-0.372116,1.105498
-0.755449,0.605849
-0.946115,-0.097658
-0.951605,-0.572339
-0.298904,-0.895287
0.390541,-0.964584
0.765558,-0.703882
0.915527,-0.026361
0.850347,0.728743
0.347892,0.935134
-0.291573,0.875183
-0.869706,0.641627
-1.015312,0.139059
-0.713005,-0.518405
-0.308769,-1.057878
0.219196,-0.926307
0.752620,-0.519213
1.074208,-0.049518
0.829694,0.503324
0.171083,0.966394
-0.313344,1.039819
-0.712653,0.620707
-1.038978,-0.130399
-0.902362,-0.654623
-0.243632,-0.910851
0.369365,-0.951212
0.778240,-0.660678
0.891980,0.059711
0.748656,0.711246
0.378924,0.924148
-0.383192,0.811994
-1.002346,0.493061
-0.983255,0.090276
-0.667144,-0.508966
-0.222175,-1.058938
0.200969,-0.915530
0.856795,-0.459925
1.085264,0.039197
0.772287,0.544582
0.241271,1.017701
-0.321582,1.052456
-0.676096,0.488494
-0.985375,-0.045945
-0.957812,-0.571643
-0.364067,-0.836584
0.357217,-0.934013
0.776047,-0.707079
0.945376,-0.068571
0.803390,0.664237
0.480150,1.017837
-0.281737,0.855656
-0.917906,0.600508
-1.042814,0.098705
